name,affiliation,country,homepage,academic_age
Niels van Berkel,Aalborg University,Denmark,,12
Jari Saramäki,Aalto University,Finland,https://jarisaramaki.fi/,45
Juhi Kulshrestha,Aalto University,Finland,https://css.aalto.fi/people/juhi/,13
Petter Holme,Aalto University,Finland,https://petterhol.me/,32
Vili Lehdonvirta,Aalto University,Finland,https://scholar.google.com/citations?user=PQFxBqcAAAAJ&hl=en,20
Corinna Coupette,Aalto University,Finland,,6
Talayeh Aledavood,Aalto University,Finland,https://scholar.google.com/citations?user=Ii2WBpIAAAAJ&hl=en,10
Kristoffer L. Nielbo,Aarhus University,Denmark,https://scholar.google.com/citations?user=PRrHPIcAAAAJ&hl=en,14
Jesper W. Schneider,Aarhus University,Denmark,,21
Jens Peter Andersen,Aarhus University,Denmark,,16
Yuri Bizzoni,Aarhus University,Denmark,,11
Mu-Jung Cho,Academia Sinica,"China, Taiwan",https://www.rchss.sinica.edu.tw/members/4a08ea44-a61a-4425-acc5-95fe06e67a32?page_id=45,9
Yen-Sheng Chiang,Academia Sinica,"China, Taiwan",https://www.ios.sinica.edu.tw/pi.php?id=134&typeID=100,21
Thomas Zeitzoff,American University,USA,,18
Huan Liu,Arizona State University,USA,https://faculty.engineering.asu.edu/huanliu/,36
Wenwen Li,Arizona State University,USA,https://cici.lab.asu.edu/,19
Thomas Morgan,Arizona State University,USA,,14
Marco Janssen,Arizona State University,USA,,33
Nada Hashmi,Babson College,USA,https://nadahashmi.com/,22
Baruch Barzel,Bar-Ilan University,Israel,https://www.barzellab.com/,18
Smaranda Muresan,"Barnard College, Columbia University",USA,https://www.barnard.edu/profiles/smaranda-muresan,25
An Zeng,Beijing Normal University,"China, Mainland",https://sss.bnu.edu.cn/szdw/zzjs/js/8b4c96518e694080a5319f428abe045f.htm,16
Jiang Zhang,Beijing Normal University,"China, Mainland",https://jake.swarma.org/index.html,16
Nir Grinberg,Ben-Gurion University of the Negev,Israel,https://nirg.net/,12
Oren Tsur,Ben-Gurion University of the Negev,Israel,,22
J. Berenike Herrmann,Bielefeld University,Germany,,15
Jeremy Blackburn,Binghamton University,USA,https://mrjimmyblack.com/jeremy.html,16
Sadamori Kojaku,Binghamton University,USA,,8
Hiroki Sayama,Binghamton University,USA,,32
Dirk Hovy,Bocconi University,Italy,https://www.dirkhovy.com/,16
Debora Nozza,Bocconi University,Italy,,11
Andrey Fradkin,Boston University,USA,https://www.andreyfradkin.com/,18
Elaine Nsoesie,Boston University,USA,https://www.bu.edu/sph/profile/elaine-nsoesie/,14
Gianluca Stringhini,Boston University,USA,https://seclab.bu.edu/people/gianluca/,16
Evimaria Terzi,Boston University,USA,,25
Adam Jaffe,Brandeis University,USA,https://scholarworks.brandeis.edu/esploro/profile/adam_jaffe/overview?institution=01BRAND_INST,47
Jennifer Candipan,Brown University,USA,https://vivo.brown.edu/display/jcandipa,10
Han Zhang,Brown University,USA,https://hanzhang.xyz/,9
Suresh Venkatasubramanian,Brown University,USA,https://users.cs.utah.edu/~suresh/,45
Fabiana Zollo,Ca' Foscari University of Venice,Italy,https://www.unive.it/persone/fabiana.zollo,12
Guido Caldarelli,Ca' Foscari University of Venice,Italy,,31
Michael Alvarez,California Institute of Technology,USA,https://www.rmichaelalvarez.com/,35
Kenneth C. Arnold,Calvin University,USA,,16
Sneha Narayan,Carleton College,USA,https://scholar.google.com/citations?user=2q5akfwAAAAJ&hl=en,16
Fei Fang,Carnegie Mellon University,USA,https://feifang.info/,13
Hirokazu Shirado,Carnegie Mellon University,USA,https://www.shirado.net/,21
Kathleen Carley,Carnegie Mellon University,USA,https://s3d.cmu.edu/people/core-faculty/carley-kathleen.html,39
Patrick Park,Carnegie Mellon University,USA,https://patpark.org/,13
Zhiwei Steven Wu,Carnegie Mellon University,USA,https://zstevenwu.com/,12
Anita Woolley,Carnegie Mellon University,USA,https://sites.google.com/view/anitawoolley-com/home,27
Simon DeDeo,Carnegie Mellon University,USA,https://sites.santafe.edu/~simon/,27
Bogdan Vasilescu,Carnegie Mellon University,USA,https://bvasiles.github.io/,16
Haiyi Zhu,Carnegie Mellon University,USA,https://haiyizhu.com/,14
Aniket Kittur,Carnegie Mellon University,USA,https://kittur.org/,21
Cassidy Sugimoto,Carnegie Mellon University,USA,https://www.cmu.edu/dietrich/about/about-the-dean,18
Christos Faloutsos,Carnegie Mellon University,USA,https://www.cs.cmu.edu/~christos/,43
Graham Neubig,Carnegie Mellon University,USA,https://phontron.com/,19
Hoda Heidari,Carnegie Mellon University,USA,https://www.cs.cmu.edu/~hheidari/,14
Jeffrey P. Bigham,Carnegie Mellon University,USA,https://www.cs.cmu.edu/~jbigham/,22
Leman Akoglu,Carnegie Mellon University,USA,https://www.andrew.cmu.edu/user/lakoglu/,19
Maarten Sap,Carnegie Mellon University,USA,https://maartensap.com/,11
Motahhare Eslami,Carnegie Mellon University,USA,https://www.motahhare.com/,14
Robert Kraut,Carnegie Mellon University,USA,http://kraut.hciresearch.info/,53
Roni Rosenfeld,Carnegie Mellon University,USA,https://www.ml.cmu.edu/people/bio/roni-rosenfeld/,31
Sherry Tongshuang Wu,Carnegie Mellon University,USA,https://www.cs.cmu.edu/~sherryw/,9
Nynke Niezink,Carnegie Mellon University,USA,,12
Nihar B. Shah,Carnegie Mellon University,USA,,16
Balazs Vedres,Central European University,Austria,https://people.ceu.edu/balazs_vedres,25
Federico Battiston,Central European University,Austria,https://research.ceu.edu/en/persons/federico-battiston,12
Márton Karsai,Central European University,Austria,https://www.martonkarsai.com/publications,20
Mark Wittek,Central European University,Austria,,6
Elisa Omodei,Central European University,Austria,,13
Fragkiskos D. Malliaros,"CentraleSupélec, Université Paris-Saclay",France,,14
Alain Barrat,"Centre de Physique Théorique, Aix-Marseille University and Centre National de la Recherche Scientifique",France,,32
Serena Villata,"Centre National de la Recherche Scientifique, Université Côte d'Azur",France,,18
Sarah H. Bana,Chapman University,USA,,13
Ramona Schoedel,Charlotte Fresenius Hochschule,Germany,,8
Jaemin Lee,Chinese University of Hong Kong,"China, Hong Kong",https://www.soc.cuhk.edu.hk/profile/lee-jaemin/,7
Hai Liang,Chinese University of Hong Kong,"China, Hong Kong",https://drhailiang.com/,15
Tian Yang,Chinese University of Hong Kong,"China, Hong Kong",https://www.com.cuhk.edu.hk/people/yang-tian/,7
Mei-Po Kwan,Chinese University of Hong Kong,"China, Hong Kong",http://www.meipokwan.org/,34
Tao Jia,Chongqing Normal University,"China, Mainland",https://www.cqnu.edu.cn/info/1217/21923.htm,19
Andrea Baronchelli,"City St George's, University of London",UK,https://www.andreabaronchelli.com/,22
Jaime Settle,College of William & Mary,USA,https://www.jaimesettle.com/,18
Alexander Nwala,College of William & Mary,USA,,11
Suresh Naidu,Columbia University,USA,https://sites.santafe.edu/~snaidu/,21
Peter Bearman,Columbia University,USA,https://sociology.columbia.edu/content/peter-bearman,38
Jeffrey Shaman,Columbia University,USA,https://www.publichealth.columbia.edu/profile/jeffrey-shaman-phd,23
Sandra Matz,Columbia University,USA,https://sandramatz.com/,10
Sen Pei,Columbia University,USA,https://senpei-cu.github.io/,15
Lydia B. Chilton,Columbia University,USA,,19
Jorge Guzman,Columbia University,USA,,17
Dan Wang,Columbia University,USA,,15
Tamar Mitts,Columbia University,USA,,9
Mirta Galesic,Complexity Science Hub Vienna,Austria,https://sites.google.com/site/mirtagalesic/,24
Rafael Prieto-Curiel,Complexity Science Hub Vienna,Austria,,9
Jan Lorenz,Constructor University Bremen,Germany,https://janlo.de/wp/,20
Allison Koenecke,Cornell University,USA,https://koenecke.infosci.cornell.edu/,8
Mor Naaman,Cornell University,USA,https://mmoorr.github.io/www_personal/,22
Cristian Danescu-Niculescu-Mizil,Cornell University,USA,https://www.cs.cornell.edu/~cristian/,18
David Mimno,Cornell University,USA,https://mimno.infosci.cornell.edu/,21
Lillian Lee,Cornell University,USA,https://www.cs.cornell.edu/home/llee/,31
Matthew Wilkens,Cornell University,USA,https://bowers.cornell.edu/people/matthew-wilkens,1
David Easley,Cornell University,USA,https://easley.economics.cornell.edu/,47
Éva Tardos,Cornell University,USA,https://www.cs.cornell.edu/people/tardos,43
Michael Macy,Cornell University,USA,https://sociology.cornell.edu/michael-macy,38
Steven Strogatz,Cornell University,USA,https://www.stevenstrogatz.com/,44
Cristobal Cheyre,Cornell University,USA,https://ccheyre.github.io/,12
Lawrence E. Blume,Cornell University,USA,https://sites.santafe.edu/~leb/,48
Nikhil Garg,Cornell University,USA,https://gargnikhil.com/,23
Nathan Matias,Cornell University,USA,https://natematias.com/,20
Morten Christiansen,Cornell University,USA,https://psychology.cornell.edu/morten-h-christiansen,37
Rene Kizilcec,Cornell University,USA,https://rene.kizilcec.com/,12
Matt Marx,Cornell University,USA,https://dyson.cornell.edu/faculty-research/faculty/mtm83/,19
Yian Yin,Cornell University,USA,https://www.yianyin.net/,8
Anastasia Bizyaeva,Cornell University,USA,https://anastasiabzv.github.io/,6
Jon Kleinberg,Cornell University,USA,https://www.cs.cornell.edu/home/kleinber/,57
Angelina Wang,Cornell University,USA,https://angelina-wang.github.io/,8
David Rand,Cornell University,USA,https://davidrand-cooperation.com/,17
Gordon Pennycook,Cornell University,USA,https://gordonpennycook.com/,16
Christina Lee Yu,Cornell University,USA,,11
Drew Margolin,Cornell University,USA,,18
Johannes Wachs,Corvinus University of Budapest,Hungary,https://scholar.google.com/citations?user=PY3YH2kAAAAJ&hl=en,11
Balázs Lengyel,Corvinus University of Budapest,Hungary,https://scholar.google.com/citations?user=8dIF2-4AAAAJ&hl=en,28
Philippe Mongeon,Dalhousie University,Canada,https://www.dal.ca/faculty/management/faculty-staff/our-faculty/philippe-mongeon.html,12
Xianwen Wang,Dalian University of Technology,"China, Mainland",,14
Adam Kleinbaum,Dartmouth College,USA,https://faculty.tuck.dartmouth.edu/adam-kleinbaum/,19
Brendan Nyhan,Dartmouth College,USA,https://sites.dartmouth.edu/nyhan/,21
Sean Westwood,Dartmouth College,USA,https://polarizationresearchlab.org/sean-j-westwood/,15
Savvas Zannettou,Delft University of Technology,Netherlands,https://zsavvas.github.io/,10
Caterina De Bacco,Delft University of Technology,Netherlands,,12
Ujwal Gadiraju,Delft University of Technology,Netherlands,,13
Erjia Yan,Drexel University,USA,,17
Chris Bail,Duke University,USA,https://www.chrisbail.net/,28
James Moody,Duke University,USA,https://sociology.duke.edu/james-moody,33
Craig Rawlings,Duke University,USA,https://scholars.duke.edu/person/craig.rawlings,24
Lynn Smith-Lovin,Duke University,USA,https://scholars.duke.edu/person/smithlov,47
Jian Pei,Duke University,USA,https://sites.google.com/view/jpei/jian-peis-homepage,25
Richard Jean So,Duke University,USA,https://richardjeanso.github.io/,19
Bocar A. Ba,Duke University,USA,,10
Sharique Hasan,Duke University,USA,,19
Gaétan de Rassenfosse,École Polytechnique Fédérale de Lausanne,Switzerland,https://people.epfl.ch/gaetan.derassenfosse?lang=en,18
Kenneth Holstein,École Polytechnique Fédérale de Lausanne,Switzerland,https://www.thecoalalab.com/kenholstein,10
Marcel Salathe,École Polytechnique Fédérale de Lausanne,Switzerland,https://www.digitalepidemiologylab.org/,20
Robert West,École Polytechnique Fédérale de Lausanne,Switzerland,https://dlab.epfl.ch/people/west/,20
Elisa Operti,École Supérieure des Sciences Économiques et Commerciales,France,,21
Dominik Hangartner,Eidgenössische Technische Hochschule Zürich,Switzerland,https://pp.ethz.ch/people/dominik-hangartner.html,19
Elliott Ash,Eidgenössische Technische Hochschule Zürich,Switzerland,https://elliottash.com/,13
Christoph Stadtfeld,Eidgenössische Technische Hochschule Zürich,Switzerland,https://scholar.google.com/citations?user=JS5yQFoAAAAJ&hl=en,15
Ulrik Brandes,Eidgenössische Technische Hochschule Zürich,Switzerland,,31
Alexander Serebrenik,Eindhoven University of Technology,Netherlands,https://scholar.google.com/citations?user=Mcn2e18AAAAJ&hl=en,28
Weihua An,Emory University,USA,https://sociology.emory.edu/people/bios/An-Weihua.html,15
Jo Guldi,Emory University,USA,https://www.joguldi.com/,14
Kai Shu,Emory University,USA,https://www.cs.emory.edu/~kshu5/,13
Kevin Quinn,Emory University,USA,https://law.emory.edu/faculty/faculty-profiles/quinn-kevin-profile.html,29
Lauren F. Klein,Emory University,USA,https://lklein.com/,15
Xiao Huang,Emory University,USA,https://www.xiaohuang116.com/,7
Wei Jin,Emory University,USA,https://scholar.google.com/citations?user=eWow24EAAAAJ&hl=en,5
Özgecan Koçak,Emory University,USA,,19
Samuel M. Jenness,Emory University,USA,,19
Liang Zhao,Emory University,USA,https://scholar.google.com/citations?user=qnvyqtwAAAAJ&hl=en,12
Alexander Oettl,Emory University,USA,,19
Maria De-Arteaga,"Escuela Superior de Administración y Dirección de Empresas, Ramon Llull University",Spain,,12
Rediet Abebe,European Laboratory for Learning and Intelligent Systems Institute Tübingen,Germany,https://institute-tue.ellis.eu/person/9998196,14
Gianluca Carnabuci,European School of Management and Technology Berlin,Germany,,22
Henry Sauermann,European School of Management and Technology Berlin,Germany,,24
Kevin Munger,European University Institute,Italy,https://kmunger.github.io/,12
Yushun Dong,Florida State University,USA,,6
Jonathan R. Stewart,Florida State University,USA,,8
Riccardo Gallotti,Fondazione Bruno Kessler,Italy,,20
Ming-Yi Chang,Fu Jen Catholic University,"China, Taiwan",https://www.soci.fju.edu.tw/teacher_detail.php?id=526,18
Sungsoo Ray Hong,George Mason University,USA,https://scholar.google.com/citations?user=D5bxMHYAAAAJ&hl=en,11
Eduardo López,George Mason University,USA,https://scholar.google.com/citations?user=xwdJNuMAAAAJ&hl=en,17
David A. Broniatowski,George Washington University,USA,https://scholar.google.com/citations?user=K8c3PvUAAAAJ&hl=en,24
Shweta Bansal,Georgetown University,USA,https://www.bansallab.com/,21
Tiago Ventura,Georgetown University,USA,,11
Renée DiResta,Georgetown University,USA,,6
Munmun De Choudhury,Georgia Institute of Technology,USA,http://www.munmund.net/,20
Clio Andris,Georgia Institute of Technology,USA,https://planning.gatech.edu/people/clio-andris,15
Diana Hicks,Georgia Institute of Technology,USA,https://spp.gatech.edu/people/person/dbb346b6-93b4-5c11-84be-bc70fa8547dd,46
Srijan Kumar,Georgia Institute of Technology,USA,https://faculty.cc.gatech.edu/~srijan/,12
Wei Xu,Georgia Institute of Technology,USA,https://cocoxu.github.io/,2
B. Aditya Prakash,Georgia Institute of Technology,USA,https://scholar.google.com/citations?user=C-NftTgAAAAJ&hl=en,16
Dror Walter,Georgia State University,USA,,12
Tiago Peixoto,Goethe University Frankfurt,Germany,https://skewed.de/tiago,22
Lars Leszczensky,Goethe University Frankfurt,Germany,,12
Fariba Karimi,Graz University of Technology,Austria,https://scholar.google.com/citations?user=A11uSbcAAAAJ&hl=en,14
Fei Shu,Hangzhou Dianzi University,"China, Mainland",,12
Kyungsik Han,Hanyang University,South Korea,,15
Melissa Dell,Harvard University,USA,https://dell-research-harvard.github.io/,26
Gary King,Harvard University,USA,https://gking.harvard.edu/,44
Naijia Liu,Harvard University,USA,https://naijialiu.github.io/,0
Kosuke Imai,Harvard University,USA,https://imai.fas.harvard.edu,27
Joscha Legewie,Harvard University,USA,https://sociology.fas.harvard.edu/people/joscha-legewie,17
Ellis Monk,Harvard University,USA,https://www.ellismonk.com,11
Xiang Zhou,Harvard University,USA,https://sociology.fas.harvard.edu/people/xiang-zhou,13
Caroline Buckee,Harvard University,USA,https://www.hsph.harvard.edu/profile/caroline-buckee/,37
Chiara Farronato,Harvard University,USA,https://sites.google.com/site/chiarafarronato/,12
Christopher Stanton,Harvard University,USA,https://www.hbs.edu/faculty/Pages/profile.aspx?facId=602452,15
Cynthia Dwork,Harvard University,USA,https://dwork.seas.harvard.edu/,43
Elena Glassman,Harvard University,USA,https://glassmanlab.seas.harvard.edu/,20
Erica Chenoweth,Harvard University,USA,https://www.ericachenoweth.com/,22
Fernanda Viegas,Harvard University,USA,https://insight.seas.harvard.edu/,26
Fiery Cushman,Harvard University,USA,https://cushmanlab.fas.harvard.edu/,21
Gabriel Kreindler,Harvard University,USA,https://sites.google.com/site/gabrielkreindler/,18
John Brownstein,Harvard University,USA,https://www.compepi.org/,23
Krzysztof Gajos,Harvard University,USA,https://kgajos.seas.harvard.edu/,25
Martin Wattenberg,Harvard University,USA,https://www.bewitched.com/,45
Rachel Franklin,Harvard University,USA,https://www.rachelfranklin.org/,23
Rembrand Koning,Harvard University,USA,https://aiinstitute.hbs.edu/our-team/rem-koning/,12
Sharad Goel,Harvard University,USA,https://5harad.com/,22
Yiling Chen,Harvard University,USA,,25
Maya Sen,Harvard University,USA,https://scholar.google.com/citations?user=SXdm-MsAAAAJ&hl=en,19
Maria P. Roche,Harvard University,USA,,9
Zoë B. Cullen,Harvard University,USA,,9
Karim R. Lakhani,Harvard University,USA,https://scholar.google.com/citations?user=4mNN000AAAAJ&hl=en,26
Sorelle Friedler,Haverford College,USA,https://sorelle.friedler.net/,18
Gabriel Stanovsky,Hebrew University of Jerusalem,Israel,https://gabrielstanovsky.github.io/,11
Anita Gohdes,Hertie School,Germany,https://www.anitagohdes.net/,17
Anfan Chen,Hong Kong Baptist University,"China, Hong Kong",https://coms.hkbu.edu.hk/faculty-and-staff/anfan-chen.html,6
Xiaojuan Ma,Hong Kong University of Science and Technology,"China, Hong Kong",https://www.cse.ust.hk/~mxj/,2
Karina van Dalen-Oskam,"Huygens Institute, Royal Netherlands Academy of Arts and Sciences",Netherlands,,22
Daniel Martin Katz,Illinois Institute of Technology,USA,https://www.danielmartinkatz.com/,19
Yves-Alexandre de Montjoye,Imperial College London,UK,https://demontjoye.com/,16
Tanmoy Chakraborty,Indian Institute of Technology Delhi,India,,15
Katy Börner,Indiana University Bloomington,USA,https://cns-iu.github.io/katy/,50
Santo Fortunato,Indiana University Bloomington,USA,https://www.santofortunato.net/,26
Staša Milojević,Indiana University Bloomington,USA,https://luddy.iu.edu/people/milojevi%C4%87-sta%C5%A1a.html,22
Jacob Foster,Indiana University Bloomington,USA,https://luddy.iu.edu/people/foster-jacob.html,19
Alessandro Flammini,Indiana University Bloomington,USA,https://cnets.indiana.edu/aflammin/,29
Filippo Menczer,Indiana University Bloomington,USA,https://cnets.indiana.edu/fil/,36
Filippo Radicchi,Indiana University Bloomington,USA,https://homes.luddy.indiana.edu/filiradi/,22
Haewoon Kwak,Indiana University Bloomington,USA,https://haewoon.github.io/,19
Jisun An,Indiana University Bloomington,USA,https://jisun.me/,16
Robert Goldstone,Indiana University Bloomington,USA,https://pc.cogs.indiana.edu/,36
Marco Ajelli,Indiana University Bloomington,USA,https://scholar.google.com/citations?user=igKX7EMAAAAJ&hl=en,17
Bogang Jun,Inha University,South Korea,,13
Frédéric Godart,INSEAD,France,https://www.insead.edu/faculty-personal-site/frederic-godart,20
Michael Park,INSEAD,France,https://www.insead.edu/faculty/michael-park,6
Hyunjin Kim,INSEAD,France,,11
Phanish Puranam,INSEAD,Singapore,https://scholar.google.com/citations?user=T-5Hs8EAAAAJ&hl=en,24
Olivier Morin,"Institut Jean Nicod, Centre National de la Recherche Scientifique / École Normale Supérieure - Paris Sciences et Lettres",France,,20
José J. Ramasco,Institute for Cross-Disciplinary Physics and Complex Systems,Spain,,26
Ciro Cattuto,Institute for Scientific Interchange Foundation,Italy,http://www.cirocattuto.info/,30
Yelena Mejova,Institute for Scientific Interchange Foundation,Italy,https://scholar.google.com/citations?user=iXWFZMQAAAAJ&hl=en,17
Daniela Paolotti,Institute for Scientific Interchange Foundation,Italy,,23
Artjoms Šeļa,"Institute of Czech Literature, Czech Academy of Sciences",Czech Republic,,7
Stefano Cresci,"Institute of Informatics and Telematics, National Research Council of Italy",Italy,https://scholar.google.com/citations?user=Jsd83JgAAAAJ&hl=en,11
Giulio Rossetti,"Institute of Information Science and Technologies, National Research Council of Italy",Italy,,14
Luca Pappalardo,"Institute of Information Science and Technologies, National Research Council of Italy",Italy,,13
Sitabhra Sinha,Institute of Mathematical Sciences Chennai,India,,29
Maciej Eder,"Institute of Polish Language, Polish Academy of Sciences",Poland,https://maciejeder.org/,17
Frank Neffke,Interdisciplinary Transformation University Austria,Austria,,21
Ponnurangam Kumaraguru,"International Institute of Information Technology, Hyderabad",India,,30
Anna Rogers,IT University of Copenhagen,Denmark,https://annargrs.github.io/,9
Michael Szell,IT University of Copenhagen,Denmark,https://michael.szell.net/,16
Michele Coscia,IT University of Copenhagen,Denmark,https://www.michelecoscia.com/,18
Vedran Sekara,IT University of Copenhagen,Denmark,https://scholar.google.com/citations?user=u_dmO4UAAAAJ&hl=en,16
Luca Maria Aiello,IT University of Copenhagen,Denmark,https://scholar.google.com/citations?user=FIX-7hcAAAAJ&hl=en,17
Luca Rossi,IT University of Copenhagen,Denmark,,23
Jan Rybicki,Jagiellonian University in Kraków,Poland,,19
Michael Scharkow,Johannes Gutenberg University Mainz,Germany,,16
Ziang Xiao,Johns Hopkins University,USA,https://www.ziangxiao.com/,8
Gillian Hadfield,Johns Hopkins University,USA,https://engineering.jhu.edu/faculty/gillian-hadfield/,35
Amy Wesolowski,Johns Hopkins University,USA,https://www.iddynamics.jhsph.edu/amy-wesolowski,16
Anjalie Field,Johns Hopkins University,USA,https://anjalief.github.io/,8
Mark Dredze,Johns Hopkins University,USA,https://scholar.google.com/citations?user=7jNkTbYAAAAJ&hl=en,22
Michael Luca,Johns Hopkins University,USA,https://carey.jhu.edu/faculty/faculty-directory/michael-luca-phd,16
Tiziano Piccardi,Johns Hopkins University,USA,https://scholar.google.com/citations?user=hj-gvXIAAAAJ&hl=en,11
Lauren Gardner,Johns Hopkins University,USA,https://scholar.google.com/citations?user=EO7XqlUAAAAJ&hl=en,17
Ingo Scholtes,Julius-Maximilians-Universität Würzburg,Germany,https://scholar.google.com/citations?user=pouriVsAAAAJ&hl=en,20
Reinhilde Veugelers,Katholieke Universiteit Leuven,Belgium,https://www.kuleuven.be/wieiswie/en/person/00005697,39
Ate Poorthuis,Katholieke Universiteit Leuven,Belgium,,15
Katrien Verbert,Katholieke Universiteit Leuven,Belgium,,21
Barbara McGillivray,King's College London,UK,,20
Hawoong Jeong,Korea Advanced Institute of Science and Technology,South Korea,https://scholar.google.com/citations?user=-Jhj6swAAAAJ&hl=en,32
Joseph Seering,Korea Advanced Institute of Science and Technology,South Korea,https://joseph.seering.org/,8
Juho Kim,Korea Advanced Institute of Science and Technology,South Korea,https://juhokim.com/,16
Meeyoung Cha,Korea Advanced Institute of Science and Technology,South Korea,https://www.mpi-sp.org/cha,21
Kijung Shin,Korea Advanced Institute of Science and Technology,South Korea,,11
Jaehyuk Park,Korea Development Institute School of Public Policy and Management,South Korea,https://parkjaehyuk.com/,12
Michał Bojanowski,Kozminski University,Poland,,20
Hsuan-Wei Lee,Lehigh University,USA,https://sites.google.com/view/hsuanweilee/home,10
Dustin S. Stoltz,Lehigh University,USA,https://scholar.google.com/citations?user=UGrGfXcAAAAJ&hl=en,15
Judith Moller,Leibniz Institute for Media Research | Hans-Bredow-Institut,Germany,https://leibniz-hbi.de/en/employee/judith-moeller/,12
Ludo Waltman,Leiden University,Netherlands,https://www.universiteitleiden.nl/en/staffmembers/ludo-waltman/publications#tab-1,22
Ismael Rafols,Leiden University,Netherlands,https://www.cwts.nl/people/ismael-rafols,33
Jian Wang,Leiden University,Netherlands,https://www.universiteitleiden.nl/en/staffmembers/jian-wang,12
Rodrigo Costas,Leiden University,Netherlands,https://www.universiteitleiden.nl/en/staffmembers/rodrigo-costas-comesana,20
Vincent A. Traag,Leiden University,Netherlands,https://scholar.google.com/citations?user=Mwxxip0AAAAJ&hl=en,17
Nees Jan van Eck,Leiden University,Netherlands,,21
Frank Takes,Leiden University,Netherlands,,17
Milena Tsvetkova,London School of Economics and Political Science,UK,https://tsvetkova.me/,15
Prithwiraj Choudhury,London School of Economics and Political Science,UK,https://prithwirajchoudhury.com/,20
Michael Muthukrishna,London School of Economics and Political Science,UK,,16
Sebastian Funk,London School of Hygiene & Tropical Medicine,UK,https://scholar.google.com/citations?user=yOo8u2gAAAAJ&hl=en,16
Barbara Plank,Ludwig Maximilian University of Munich,Germany,https://bplank.github.io/,19
Mario Haim,Ludwig Maximilian University of Munich,Germany,,2
Ingrid Haegele,Ludwig Maximilian University of Munich,Germany,,4
Michael Bossetta,Lund University,Sweden,,13
Leto Peel,Maastricht University,Netherlands,,17
Nava Tintarev,Maastricht University,Netherlands,,19
Hannes Westermann,Maastricht University,Netherlands,,9
Fabiana Visentin,Maastricht University,Netherlands,,13
Jia Wu,Macquarie University,Australia,,10
Michiel Bakker,Massachusetts Institute of Technology,USA,https://miba.dev/,13
Deb Roy,Massachusetts Institute of Technology,USA,https://www.media.mit.edu/people/dkroy/overview/,30
Abdullah Almaatouq,Massachusetts Institute of Technology,USA,http://amaatouq.io/,12
Alex Sandy Pentland,Massachusetts Institute of Technology,USA,https://www.media.mit.edu/people/sandy/overview/,50
Thomas Malone,Massachusetts Institute of Technology,USA,https://mitsloan.mit.edu/faculty/directory/thomas-w-malone,50
Sinan Aral,Massachusetts Institute of Technology,USA,https://www.sinanaral.io/,23
Joshua Tenenbaum,Massachusetts Institute of Technology,USA,https://cocosci.mit.edu/josh-tenenbaum/,31
Naoki Egami,Massachusetts Institute of Technology,USA,https://naokiegami.com,11
Dean Eckles,Massachusetts Institute of Technology,USA,https://www.deaneckles.com/,20
Arvind Satyanarayan,Massachusetts Institute of Technology,USA,https://arvindsatya.com/,13
Ashesh Rambachan,Massachusetts Institute of Technology,USA,https://asheshrambachan.github.io/,7
Carlo Ratti,Massachusetts Institute of Technology,USA,https://senseable.mit.edu/,26
Catherine Tucker,Massachusetts Institute of Technology,USA,https://mitmgmtfaculty.mit.edu/cetucker/,21
Danielle Li,Massachusetts Institute of Technology,USA,https://danielle.li/,16
Devin Caughey,Massachusetts Institute of Technology,USA,https://devincaughey.github.io/,16
Emilio J. Castilla,Massachusetts Institute of Technology,USA,https://mitmgmtfaculty.mit.edu/ecastill/,25
Frank Nagle,Massachusetts Institute of Technology,USA,https://ide.mit.edu/people/frank-nagle/,19
In Song Kim,Massachusetts Institute of Technology,USA,https://web.mit.edu/insong/www/,17
John Horton,Massachusetts Institute of Technology,USA,https://john-joseph-horton.com/,69
Manish Raghavan,Massachusetts Institute of Technology,USA,https://mraghavan.github.io/,11
Nikhil Agarwal,Massachusetts Institute of Technology,USA,https://economics.mit.edu/people/faculty/nikhil-agarwal,24
Paolo Santi,Massachusetts Institute of Technology,USA,https://webhost.services.iit.cnr.it/staff/paolo.santi/,30
Sendhil Mullainathan,Massachusetts Institute of Technology,USA,https://sendhil.org/,27
Nathan Wilmers,Massachusetts Institute of Technology,USA,,11
Marzyeh Ghassemi,Massachusetts Institute of Technology,USA,https://scholar.google.com/citations?user=9RyeFYwAAAAJ&hl=en,17
Iyad Rahwan,Max Planck Institute,Germany,https://www.rahwan.me/,25
Christoph Engel,Max Planck Institute,Germany,https://www.econ.mpg.de/engel.html,3
Emilio Zagheni,Max Planck Institute,Germany,http://www.zagheni.net/,20
Krishna Gummadi,Max Planck Institute,Germany,https://people.mpi-sws.org/~gummadi/,25
Manuel Gomez-Rodriguez,Max Planck Institute,Germany,https://people.mpi-sws.org/~manuelgr/,18
Moritz Hardt,Max Planck Institute,Germany,https://mrtz.org/,20
Asia J. Biega,Max Planck Institute,Germany,,12
Ralf Kurvers,Max Planck Institute,Germany,,30
Stefan M. Herzog,Max Planck Institute,Germany,,18
Ana-Andreea Stoica,Max Planck Institute,Germany,,10
Anne Kandler,Max Planck Institute,Germany,,21
Kevin Credit,Maynooth University,Ireland,,8
Andrew Piper,McGill University,Canada,https://andrewpiper.ai/,21
Grant McKenzie,McGill University,Canada,https://scholar.google.com/citations?user=G5UUTgYAAAAJ&hl=en,14
Peter Klimek,Medical University of Vienna,Austria,https://scholar.google.com/citations?user=ymEAWXAAAAAJ&hl=en,18
Folgert Karsdorp,"Meertens Institute, Royal Netherlands Academy of Arts and Sciences",Netherlands,https://scholar.google.com/citations?user=EUFCxJEAAAAJ&hl=en,14
Tatsuya Kameda,Meiji Gakuin University,Japan,,42
Yang Zhang,Miami University,USA,https://yznd42.github.io/,8
Andy Halterman,Michigan State University,USA,https://andrewhalterman.com,11
Jiliang Tang,Michigan State University,USA,https://www.cse.msu.edu/~tangjili/,14
Dan Hiaeshutter-Rice,Michigan State University,USA,,7
Jian Kang,Mohamed bin Zayed University of Artificial Intelligence,United Arab Emirates,,7
Preslav Nakov,Mohamed bin Zayed University of Artificial Intelligence,United Arab Emirates,https://scholar.google.com/citations?user=DfXsKZ4AAAAJ&hl=en,27
Charles Crabtree,Monash University,Australia,,11
Jiang Li,Nanjing University,"China, Mainland",https://im.nju.edu.cn/info/1099/33101.htm,6
Yunsong Chen,Nanjing University,"China, Mainland",https://sociology.nju.edu.cn/a6/b9/c58987a698041/page.htm,14
Chao Min,Nanjing University,"China, Mainland",https://min-chao.github.io/,13
Chengzhi Zhang,Nanjing University of Science and Technology,"China, Mainland",,19
Chen-Shuo Hong,National Taiwan University,"China, Taiwan",https://sociology.ntu.edu.tw/en/faculty/chen-shuo-hong/,1
Ji-Lung Hsieh,National Taiwan University,"China, Taiwan",https://homepage.ntu.edu.tw/~jour/faculty/jerryhsieh.html,23
Adrian Rauchfleisch,National Taiwan University,"China, Taiwan",,12
Jungpil Hahn,National University of Singapore,Singapore,https://www.garbcan.com/,28
Swapnil Mishra,National University of Singapore,Singapore,https://www.smishra.dev/,12
Yi-Chieh Lee,National University of Singapore,Singapore,https://www.yclee.net/,11
Kokil Jaidka,National University of Singapore,Singapore,https://discovery.nus.edu.sg/17291-kokil-jaidka/,15
Min-Yen Kan,National University of Singapore,Singapore,https://www.comp.nus.edu.sg/~kanmy/,33
Akira Endo,National University of Singapore,Singapore,https://akira-endo.github.io/,33
Bibhas Chakraborty,National University of Singapore,Singapore,https://blog.nus.edu.sg/bibhas/,20
Prateek Bansal,National University of Singapore,Singapore,https://cde.nus.edu.sg/cee/staff/prateek-bansal/,15
Khim Yong Goh,National University of Singapore,Singapore,https://www.comp.nus.edu.sg/disa/people/gohky/,27
Alex Cook,National University of Singapore,Singapore,https://sph.nus.edu.sg/faculty-directory/cook-alex-richard/,22
Hannah Eleanor Clapham,National University of Singapore,Singapore,https://sph.nus.edu.sg/faculty-directory/clapham-hannah/,12
Wei Luo,National University of Singapore,Singapore,https://fass.nus.edu.sg/geog/people/luo-wei/,15
Yi-Chen Wang,National University of Singapore,Singapore,https://fass.nus.edu.sg/geog/people/wang-yi-chen/,20
Subhayan Mukerjee,National University of Singapore,Singapore,https://discovery.nus.edu.sg/19113-subhayan-mukerjee,9
Bryan Hooi,National University of Singapore,Singapore,https://bhooi.github.io/,10
Brian Y. Lim,National University of Singapore,Singapore,,18
Sacha Epskamp,National University of Singapore,Singapore,https://scholar.google.com/citations?user=fQpiw-sAAAAJ&hl=en,14
Marshall A. Taylor,New Mexico State University,USA,,11
Joshua Tucker,New York University,USA,https://as.nyu.edu/faculty/joshua-tucker.html,25
Delia Baldassarri,New York University,USA,https://deliabaldassarri.org/,20
Bart Bonikowski,New York University,USA,https://wp.nyu.edu/bonikowski/,21
Paul DiMaggio,New York University,USA,https://as.nyu.edu/faculty/paul-dimaggio.html,52
Carly Knight,New York University,USA,https://carlyrknight.org/,17
BK Lee,New York University,USA,https://as.nyu.edu/faculty/bk-lee.html,22
Simone Zhang,New York University,USA,https://simonezhang.com,7
Jay Van Bavel,New York University,USA,https://www.jayvanbavel.com/,21
Jonathan Nagler,New York University,USA,https://csmapnyu.org/people/jonathan-nagler,38
Julia Lane,New York University,USA,https://julialane.org/,43
Julia Stoyanovich,New York University,USA,https://stoyanovich.org/,21
Rumi Chunara,New York University,USA,https://wp.nyu.edu/chunaralab/,22
Takahiro Yabe,New York University,USA,https://www.takayabe.net/,10
Constantine E. Kontokosta,New York University,USA,,16
Panos Ipeirotis,New York University,USA,https://scholar.google.com/citations?user=PA9La6oAAAAJ&hl=en,25
Theresa Kuchler,New York University,USA,,16
Jacob William Faber,New York University,USA,,19
Christopher Barrie,New York University,USA,,27
Tara Slough,New York University,USA,,10
Todd M. Gureckis,New York University,USA,,27
Ravi Shroff,New York University,USA,https://scholar.google.com/citations?user=wM_GrKIAAAAJ&hl=en,15
Robert Seamans,New York University,USA,https://scholar.google.com/citations?user=UxdRPL8AAAAJ&hl=en,17
Talal Rahwan,New York University Abu Dhabi,United Arab Emirates,,22
Djellel Difallah,New York University Abu Dhabi,United Arab Emirates,,14
Esteban Moro,Northeastern University,USA,https://estebanmoro.org/,28
Albert-László Barabási,Northeastern University,USA,https://barabasi.com/,36
David Lazer,Northeastern University,USA,https://www.lazerlab.net/people/david-lazer,27
Cassie McMillan,Northeastern University,USA,https://www.cassiemcmillan.com/,10
Alan Mislove,Northeastern University,USA,https://mislove.org/,21
Alessandro Vespignani,Northeastern University,USA,https://www.mobslab.org/,35
Briony Swire-Thompson,Northeastern University,USA,https://www.networkscienceinstitute.org/pomlab,14
Byron Wallace,Northeastern University,USA,https://www.byronwallace.com/,20
Christo Wilson,Northeastern University,USA,https://cbw.sh/,18
Christoph Riedl,Northeastern University,USA,https://www.christophriedl.net/,17
Dmitri Krioukov,Northeastern University,USA,https://www.dk-lab.net/,22
Mauricio Santillana,Northeastern University,USA,https://www.mighte.org/,20
Nicholas Beauchamp,Northeastern University,USA,https://www.nickbeauchamp.com/,14
Rebekah Tromble,Northeastern University,USA,https://www.khoury.northeastern.edu/people/rebekah-tromble/,13
Saiph Savage,Northeastern University,USA,https://www.saiph.org/,17
Samuel Scarpino,Northeastern University,USA,https://scarpino.github.io/,16
Tina Eliassi-Rad,Northeastern University,USA,http://eliassi.org/,30
Piotr Sapiezynski,Northeastern University,USA,https://scholar.google.com/citations?user=3UZwE6sAAAAJ&hl=en,12
Matteo Chinazzi,Northeastern University,USA,https://scholar.google.com/citations?user=d1URvWUAAAAJ&hl=en,15
Brooke Foucault Welles,Northeastern University,USA,,15
Riccardo Di Clemente,Northeastern University London,UK,https://www.riccardodiclemente.com/,13
Marco Aurélio Gerosa,Northern Arizona University,USA,https://scholar.google.com/citations?user=kjtuhEQAAAAJ&hl=en,24
Matt Groh,Northwestern University,USA,https://mattgroh.com/,7
Noshir Contractor,Northwestern University,USA,https://nosh.northwestern.edu/,39
Yingdan Lu,Northwestern University,USA,https://yingdanlu.com/,2
Benjamin Jones,Northwestern University,USA,https://www.kellogg.northwestern.edu/faculty/directory/jones_benjamin_f.aspx,28
Brian Uzzi,Northwestern University,USA,https://www.kellogg.northwestern.edu/faculty/directory/uzzi_brian.aspx,35
Dashun Wang,Northwestern University,USA,https://www.kellogg.northwestern.edu/faculty/directory/wang_dashun.aspx,15
Emőke-Ágnes Horvát,Northwestern University,USA,https://agneshorvat.soc.northwestern.edu/,15
Aaron Shaw,Northwestern University,USA,https://communication.northwestern.edu/faculty/aaron-shaw.html,17
Andrew Papachristos,Northwestern University,USA,https://sociology.northwestern.edu/people/faculty/core/andrew-v.--papachristos-.html,27
Oscar Stuhler,Northwestern University,USA,https://oscarstuhler.org/,5
Nick Diakopoulos,Northwestern University,USA,https://www.nickdiakopoulos.com/,22
Jessica Hullman,Northwestern University,USA,http://users.eecs.northwestern.edu/~jhullman/,18
Luís A. Nunes Amaral,Northwestern University,USA,https://amaral.northwestern.edu/,32
Letian Zhang,Northwestern University,USA,,21
Tessa E. S. Charlesworth,Northwestern University,USA,,7
Charles Butcher,Norwegian University of Science and Technology,Norway,,15
Bruce Weinberg,Ohio State University,USA,https://economics.osu.edu/people/weinberg.27,29
Dana Haynie,Ohio State University,USA,https://sociology.osu.edu/people/haynie.7,27
David Melamed,Ohio State University,USA,https://u.osu.edu/melamed9/,15
Lei Dong,Peking University,"China, Mainland",http://donglei.org/about/,11
Yi Bu,Peking University,"China, Mainland",https://buyi08.wixsite.com/yi-bu,9
Yu Liu,Peking University,"China, Mainland",,22
Aming Li,Peking University,"China, Mainland",,15
Jian Du,Peking University,"China, Mainland",,2
Bruce Desmarais,Pennsylvania State University,USA,https://brucedesmarais.com,17
Suhang Wang,Pennsylvania State University,USA,https://faculty.ist.psu.edu/szw494/,12
Michael Schweinberger,Pennsylvania State University,USA,,23
Ting-Hao 'Kenneth' Huang,Pennsylvania State University,USA,,16
Woo-Sung Jung,Pohang University of Science and Technology,South Korea,https://sites.google.com/view/woosungjung/,23
Francesco Pierri,Politecnico di Milano,Italy,,12
Chiara Franzoni,Politecnico di Milano,Italy,,21
Alejandro Espinosa-Rada,Pontifical Catholic University of Chile,Chile,,13
Denis Parra,Pontifical Catholic University of Chile,Chile,,21
Aleksandra Korolova,Princeton University,USA,https://www.korolova.com/,52
Manoel Horta Ribeiro,Princeton University,USA,https://manoelhortaribeiro.github.io/,11
Junming Huang,Princeton University,USA,https://ccc.princeton.edu/people/junming-huang,15
Arthur Spirling,Princeton University,USA,https://arthurspirling.org,22
Brandon Stewart,Princeton University,USA,https://bstewart.scholar.princeton.edu/,19
Rocio Titiunik,Princeton University,USA,https://titiunik.scholar.princeton.edu,20
Matthew Salganik,Princeton University,USA,http://www.princeton.edu/~mjs3/,23
Andres Monroy-Hernandez,Princeton University,USA,https://andresmh.com/,18
Andrew Guess,Princeton University,USA,https://andyguess.com/,11
Arvind Narayanan,Princeton University,USA,https://www.cs.princeton.edu/~arvindn/,25
Jacob Shapiro,Princeton University,USA,https://jns.scholar.princeton.edu,20
Jonathan Mummolo,Princeton University,USA,https://jmummolo.scholar.princeton.edu/,13
Molly Crockett,Princeton University,USA,https://www.crockettlab.org/,18
Nolan McCarty,Princeton University,USA,https://www.princeton.edu/~nmccarty/,36
Thomas Griffiths,Princeton University,USA,https://cocosci.princeton.edu/tom/index.php,25
Peter Henderson,Princeton University,USA,,25
Natalia Vélez,Princeton University,USA,,12
Jeremy Foote,Purdue University,USA,https://cla.purdue.edu/directory/profiles/jeremy-foote.html,12
Bryce Dietrich,Purdue University,USA,https://cla.purdue.edu/directory/profiles/bryce-dietrich.html,17
Alina Arseniev-Koehler,Purdue University,USA,https://cla.purdue.edu/directory/profiles/alina-arseniev-koehler.html,11
Ming Yin,Purdue University,USA,,19
Ginestra Bianconi,Queen Mary University of London,UK,https://webspace.maths.qmul.ac.uk/g.bianconi/,27
Nicola Perra,Queen Mary University of London,UK,https://www.nicolaperra.com/,22
Vito Latora,Queen Mary University of London,UK,https://webspace.maths.qmul.ac.uk/v.latora/,33
Arkaitz Zubiaga,Queen Mary University of London,UK,https://scholar.google.com/citations?user=IUb-xxMAAAAJ&hl=en,16
Timothy Graham,Queensland University of Technology,Australia,,12
Adrian Barnett,Queensland University of Technology,Australia,,35
Bas Hofstra,Radboud University,Netherlands,https://bashofstra.com/,13
Roel Smeets,Radboud University,Netherlands,,9
Boleslaw Szymanski,Rensselaer Polytechnic Institute,USA,https://www.cs.rpi.edu/~szymansk/,44
Jianxi Gao,Rensselaer Polytechnic Institute,USA,https://www.gaojianxi.com/,15
Yao Ma,Rensselaer Polytechnic Institute,USA,,8
Claudia Wagner,Rheinisch-Westfälische Technische Hochschule Aachen,Germany,https://scholar.google.com/citations?user=R5-PPJQAAAAJ&hl=en,18
Arlei Silva,Rice University,USA,,17
Elizabeth Roberto,Rice University,USA,,22
Wataru Toyokawa,RIKEN Center for Brain Science,Japan,,14
Ashique KhudaBukhsh,Rochester Institute of Technology,USA,,19
Andreu Casas,"Royal Holloway, University of London",UK,,8
Chris Hanretty,"Royal Holloway, University of London",UK,,19
Aristides Gionis,Royal Institute of Technology,Sweden,https://users.ics.aalto.fi/gionis/,29
Paul McLean,Rutgers University,USA,https://sociology.rutgers.edu/people/faculty/core-department-faculty/core-department-faculty-member/163-paul-mclean,76
Katherine Ognyanova,Rutgers University,USA,https://kateto.net/,15
Kiran Garimella,Rutgers University,USA,https://gvrkiran.github.io/,13
Shagun Jhaver,Rutgers University,USA,https://shagunjhaver.com/,11
Sarah Shugars,Rutgers University,USA,,8
Ingmar Weber,Saarland University,Germany,https://ingmarweber.de/,20
Onur Varol,Sabancı University,Turkey,https://www.onurvarol.com/,15
Molly King,Santa Clara University,USA,https://www.mollymking.com/,14
Giorgio Fagiolo,Sant'Anna School of Advanced Studies,Italy,https://scholar.google.com/citations?user=B7N-yQIAAAAJ&hl=en,29
Walter Quattrociocchi,Sapienza University of Rome,Italy,https://walterquattrociocchi.site.uniroma1.it/,18
Matteo Cinelli,Sapienza University of Rome,Italy,,9
Mattia Samory,Sapienza University of Rome,Italy,,13
Achim Edelmann,Sciences Po,France,https://medialab.sciencespo.fr/en/people/achim-edelmann/,12
Jean-Philippe Cointet,Sciences Po,France,,18
Fosca Giannotti,"Scuola Normale Superiore, Pisa",Italy,https://scholar.google.com/citations?user=PKz_a_AAAAAJ&hl=en,40
Hyejin Youn,Seoul National University,South Korea,http://hyoun.me/,19
Dongbo Shi,Shanghai Jiao Tong University,"China, Mainland",https://www.shidongbo.com/%E4%B8%AD%E6%96%87,14
Qi Su,Shanghai Jiao Tong University,"China, Mainland",,9
Yanyan Xu,Shanghai Jiao Tong University,"China, Mainland",https://scholar.google.com/citations?user=4A8N4PMAAAAJ&hl=en,13
Satyam Mukherjee,Shiv Nadar University,India,https://sites.google.com/site/satyammukherjee/home,18
Nicholas Vincent,Simon Fraser University,Canada,https://www.nickmvincent.com/,7
Ken Benoit,Singapore Management University,Singapore,https://kenbenoit.net/,30
Jinhyuk Yun,Soongsil University,South Korea,https://bluekura.github.io/,12
Vittoria Colizza,Sorbonne University,France,https://www.epicx-lab.com/vittoria-colizza.html,24
Yifang Ma,Southern University of Science and Technology,"China, Mainland",https://stat-ds.sustech.edu.cn/teacher/MAYifang?lang=en-us,16
Zhanwei Du,Southern University of Science and Technology,"China, Mainland",,15
Manuel Cebrian,Spanish National Research Council,Spain,https://sites.google.com/view/manuelcebrian,22
Zaida Chinchilla-Rodríguez,Spanish National Research Council,Spain,https://scholar.google.com/citations?user=eI_07rMAAAAJ&hl=en,25
Jure Leskovec,Stanford University,USA,https://cs.stanford.edu/people/jure/,22
Dan Jurafsky,Stanford University,USA,http://web.stanford.edu/~jurafsky/,37
Diyi Yang,Stanford University,USA,https://cs.stanford.edu/~diyiy/,14
Nick Haber,Stanford University,USA,https://ed.stanford.edu/faculty/nhaber,14
Daniel McFarland,Stanford University,USA,https://ed.stanford.edu/faculty/mcfarland,24
Jeff Hancock,Stanford University,USA,https://sml.stanford.edu/people/jeff-hancock,44
Jennifer Pan,Stanford University,USA,https://jenpan.com,15
Walter Powell,Stanford University,USA,https://woodypowell.com/,46
Amir Goldberg,Stanford University,USA,https://www.gsb.stanford.edu/faculty-research/faculty/amir-goldberg,15
Douglas Guilbeault,Stanford University,USA,https://www.gsb.stanford.edu/faculty-research/faculty/douglas-r-guilbeault,10
Justin Grimmer,Stanford University,USA,https://politicalscience.stanford.edu/people/justin-ryan-grimmer,21
Yiqing Xu,Stanford University,USA,https://yiqingxu.org/,12
Robb Willer,Stanford University,USA,https://sociology.stanford.edu/people/robb-willer,25
Adam Bonica,Stanford University,USA,https://web.stanford.edu/~bonica/,16
Christopher Potts,Stanford University,USA,https://web.stanford.edu/~cgpotts/,24
Daniel E. Ho,Stanford University,USA,https://dho.stanford.edu/,23
Erik Brynjolfsson,Stanford University,USA,https://www.brynjolfsson.com/,37
Gabriella Harari,Stanford University,USA,https://maplab.stanford.edu/,11
Guido Imbens,Stanford University,USA,https://www.gsb.stanford.edu/faculty-research/faculty/guido-w-imbens,38
James Landay,Stanford University,USA,https://www.landay.org/,34
Jann Spiess,Stanford University,USA,https://gsb-faculty.stanford.edu/jann-spiess/,12
Johannes Eichstaedt,Stanford University,USA,https://jeichstaedt.com/,14
Julian Nyarko,Stanford University,USA,https://juliannyarko.com/,13
Liran Einav,Stanford University,USA,https://leinav.people.stanford.edu/,24
Mark Algee-Hewitt,Stanford University,USA,https://profiles.stanford.edu/mark-algee-hewitt,17
Michael Bernstein,Stanford University,USA,https://hci.stanford.edu/msb/,20
Michael C. Frank,Stanford University,USA,https://web.stanford.edu/~mcfrank/,24
Michal Kosinski,Stanford University,USA,https://www.michalkosinski.com/,16
Ramesh Johari,Stanford University,USA,https://web.stanford.edu/~rjohari/,28
Shanto Iyengar,Stanford University,USA,https://profiles.stanford.edu/shanto-iyengar,52
Susan Athey,Stanford University,USA,https://sites.google.com/stanford.edu/susan-athey,30
Jackelyn Hwang,Stanford University,USA,,11
Helena Miton,Stanford University,USA,,10
Julien Clement,Stanford University,USA,,17
Matthew Gentzkow,Stanford University,USA,https://scholar.google.com/citations?user=krWxAA4AAAAJ&hl=en,22
Tobias Gerstenberg,Stanford University,USA,,15
Robert D. Hawkins,Stanford University,USA,,14
Yongjun Zhang,Stony Brook University,USA,https://yongjunzhang.com/,6
Jason Jeffrey Jones,Stony Brook University,USA,https://jasonjones.ninja/,22
Zhenhui Peng,Sun Yat-sen University,"China, Mainland",,7
Ka-Yuet Liu,Sungkyunkwan University,South Korea,https://sites.google.com/view/kayuet-liu,16
Jinyoung Han,Sungkyunkwan University,South Korea,,17
Jennifer Stromer-Galley,Syracuse University,USA,https://ischool.syracuse.edu/jennifer-stromer-galley/,28
Reza Zafarani,Syracuse University,USA,,20
Maximilian Schich,Tallinn University,Estonia,,17
Andres Karjus,Tallinn University,Estonia,,13
Gerardo Iñiguez,Tampere University,Finland,,16
Charley Wu,Technical University of Darmstadt,Germany,,10
Laura Alessandretti,Technical University of Denmark,Denmark,http://laura.alessandretti.com/,10
Sune Lehmann,Technical University of Denmark,Denmark,https://sunelehmann.com/,23
Matthias Grabmair,Technical University of Munich,Germany,,20
Yannis Theocharis,Technical University of Munich,Germany,,16
Jürgen Pfeffer,Technical University of Munich,Germany,,17
Eric Schulz,Technical University of Munich,Germany,,11
Ori Plonsky,Technion - Israel Institute of Technology,Israel,,10
Sven Mayer,Technische Universität Dortmund,Germany,https://scholar.google.com/citations?user=EfZ7ZAsAAAAJ&hl=en,12
Stefan Neumann,Technische Universität Wien,Austria,,10
Edo Airoldi,Temple University,USA,https://airoldi.github.io/,22
Hang-Hyun Jo,The Catholic University of Korea,South Korea,,22
Anatoliy Gruzd,Toronto Metropolitan University,Canada,,19
César Hidalgo,Toulouse School of Economics,France,https://cesarhidalgo.com/,22
Taha Yasseri,Trinity College Dublin,Ireland,https://tahayasseri.com/,16
Abeba Birhane,Trinity College Dublin,Ireland,https://people.tcd.ie/Profile?Username=birhanea,9
Jie Tang,Tsinghua University,"China, Mainland",https://keg.cs.tsinghua.edu.cn/jietang/,23
Zhiyuan Liu,Tsinghua University,"China, Mainland",https://nlp.csai.tsinghua.edu.cn/~lzy/,18
Fengli Xu,Tsinghua University,"China, Mainland",https://fenglixu.github.io/,11
Tianguang Meng,Tsinghua University,"China, Mainland",https://www.sss.tsinghua.edu.cn/info/1461/8104.htm,12
Jar-Der Luo,Tsinghua University,"China, Mainland",https://www.soc.tsinghua.edu.cn/info/1231/2069.htm,28
Peng Cui,Tsinghua University,"China, Mainland",http://pengcui.thumedialab.com/,18
Yong Li,Tsinghua University,"China, Mainland",https://fi.ee.tsinghua.edu.cn/~liyong/,17
Yuxiao Dong,Tsinghua University,"China, Mainland",https://keg.cs.tsinghua.edu.cn/yuxiao/,14
Ying Long,Tsinghua University,"China, Mainland",,17
Yuan Lai,Tsinghua University,"China, Mainland",,10
Eduardo Graells-Garrido,Universidad de Chile,Chile,https://scholar.google.com/citations?user=ltsTTI4AAAAJ&hl=en,17
Fabrício Benevenuto,Universidade Federal de Minas Gerais,Brazil,https://scholar.google.com/citations?user=iOnt0iMAAAAJ&hl=en,21
Raquel Recuero,Universidade Federal de Pelotas,Brazil,,23
Dominik Hartmann,Universidade Federal de Santa Catarina,Brazil,,61
Daniel R. Figueiredo,Universidade Federal do Rio de Janeiro,Brazil,,26
Flávio L. Pinheiro,Universidade Nova de Lisboa,Portugal,,16
Camilo Cristancho,Universitat de Barcelona,Spain,,13
Javier Borge-Holthoefer,Universitat Oberta de Catalunya,Spain,https://scholar.google.com/citations?user=XO9KxfAAAAAJ&hl=en,16
Ana S. Cardenal,Universitat Oberta de Catalunya,Spain,https://scholar.google.com/citations?user=DMornf0AAAAJ&hl=en,22
Carlos Castillo,Universitat Pompeu Fabra,Spain,https://scholar.google.com/citations?user=D4NJsXEIh1cJ&hl=en,24
Michele Starnini,Universitat Pompeu Fabra,Spain,,14
Alex Arenas,Universitat Rovira i Virgili,Spain,https://webs-deim.urv.cat/~alexandre.arenas,32
Rémy Cazabet,Université Claude Bernard Lyon 1,France,,15
Michele Pezzoni,Université Côte d'Azur,France,,19
Vincent Larivière,Université de Montréal,Canada,https://ebsi.umontreal.ca/repertoire-ecole/vue/lariviere-vincent/,26
Stefano Bianchini,Université de Strasbourg,France,,5
Andrew Crooks,University at Buffalo,USA,https://scholar.google.com/citations?user=RDQF0ScAAAAJ&hl=en,19
Yingjie Hu,University at Buffalo,USA,,13
Rachael K. Hinkle,University at Buffalo,USA,,18
Yotam Ophir,University at Buffalo,USA,,15
Yini Zhang,University at Buffalo,USA,,11
Stefan Müller,University College Dublin,Ireland,,28
Marco Bastos,University College Dublin,Ireland,,20
Elsa Arcaute,University College London,UK,https://profiles.ucl.ac.uk/31566-elsa-arcaute,21
Joshua Becker,University College London,UK,https://www.mgmt.ucl.ac.uk/people/joshuabecker,19
Michael Batty,University College London,UK,http://www.complexcity.info/,57
Jon Reades,University College London,UK,,18
Neave O'Clery,University College London,UK,https://scholar.google.com/citations?user=jbp5RxcAAAAJ&hl=en,12
R. Maria del Rio-Chanona,University College London,UK,,8
Per Engzell,University College London,UK,https://scholar.google.com/citations?user=dM6v2S4AAAAJ&hl=en,10
Stephen Hansen,University College London,UK,,47
Jack Blumenau,University College London,UK,,13
Benjamin Lauderdale,University College London,UK,,25
Lewis Mitchell,University of Adelaide,Australia,,16
Xinyue Ye,University of Alabama,USA,https://geography.ua.edu/people/xinyue-ye/,21
Mark Boukes,University of Amsterdam,Netherlands,https://markboukes.wordpress.com/,14
Melvin Wevers,University of Amsterdam,Netherlands,https://www.melvinwevers.nl/,15
Petter Törnberg,University of Amsterdam,Netherlands,https://scholar.google.com/citations?user=KuJMuvIAAAAJ&hl=en,14
Anne C. Kroon,University of Amsterdam,Netherlands,,10
Lucas Molleman,University of Amsterdam,Netherlands,,14
Eelke Heemskerk,University of Amsterdam,Netherlands,,27
Eric-Jan Wagenmakers,University of Amsterdam,Netherlands,https://scholar.google.com/citations?user=L_HG640AAAAJ&hl=en,26
Denny Borsboom,University of Amsterdam,Netherlands,https://scholar.google.com/citations?user=oaT6bCUAAAAJ&hl=en,24
Thijs Bol,University of Amsterdam,Netherlands,,16
Mike Kestemont,University of Antwerp,Belgium,https://mikekestemont.github.io/,16
Toon Calders,University of Antwerp,Belgium,,26
Yongren Shi,University of Arizona,USA,https://sociology.arizona.edu/person/yongren-shi,11
Erin Leahey,University of Arizona,USA,https://sociology.arizona.edu/person/erin-leahey,24
Charles Gomez,University of Arizona,USA,https://charliegomez.com/,13
Diego F. Leal,University of Arizona,USA,,11
Jason Sandvik,University of Arizona,USA,,10
Simon Greenhill,University of Auckland,New Zealand,https://scholar.google.com/citations?user=-BRSA7UAAAAJ&hl=en,65
Andreas Jungherr,University of Bamberg,Germany,https://andreasjungherr.net/,17
Nello Cristianini,University of Bath,UK,https://researchportal.bath.ac.uk/en/persons/nello-cristianini,30
Daniel Buschek,University of Bayreuth,Germany,,12
Mykola Makhortykh,University of Bern,Switzerland,https://www.mykolamakhortykh.ch/,13
Slava Jankin,University of Birmingham,UK,https://sjankin.com/,20
Jack Grieve,University of Birmingham,UK,,14
Cornelius Puschmann,University of Bremen,Germany,,20
Emmanouil Tranos,University of Bristol,UK,https://etranos.info/,16
Ellen Brooks-Pollock,University of Bristol,UK,,16
Clayton Childress,University of British Columbia,Canada,https://claytonchildress.weebly.com,18
Laura Nelson,University of British Columbia,Canada,https://www.lauraknelson.com/,11
Cristina Conati,University of British Columbia,Canada,https://scholar.google.com/citations?user=Ytp9oFQAAAAJ&hl=en,34
Serina Chang,"University of California, Berkeley",USA,https://serinachang5.github.io/,9
DongWon Oh,"University of California, Berkeley",USA,https://dongwonoh.com/,10
Joshua Blumenstock,"University of California, Berkeley",USA,https://www.jblumenstock.com/,40
Philip Stark,"University of California, Berkeley",USA,https://www.stat.berkeley.edu/~stark/,40
David Bamman,"University of California, Berkeley",USA,https://people.ischool.berkeley.edu/~dbamman/,23
Solene Delecourt,"University of California, Berkeley",USA,https://sites.google.com/berkeley.edu/solenedelecourt/home,8
Sameer B. Srivastava,"University of California, Berkeley",USA,https://haas.berkeley.edu/faculty/srivastava-sameer/,14
Emma Pierson,"University of California, Berkeley",USA,https://people.eecs.berkeley.edu/~emmapierson/,11
Lee Fleming,"University of California, Berkeley",USA,https://ieor.berkeley.edu/people/lee-fleming/,35
Marta González,"University of California, Berkeley",USA,https://humnetlab.berkeley.edu/,20
Mathijs de Vaan,"University of California, Berkeley",USA,https://mathijsdv.com/,16
Ziad Obermeyer,"University of California, Berkeley",USA,https://www.ziadobermeyer.com/,18
Anastassia Fedyk,"University of California, Berkeley",USA,,15
Patrick Kline,"University of California, Berkeley",USA,https://scholar.google.com/citations?user=nkVcS4MAAAAJ&hl=en,19
Steven Tadelis,"University of California, Berkeley",USA,,29
Yuan Yuan,"University of California, Davis",USA,https://www.yuan-yy.com/,13
Cuihua Shen,"University of California, Davis",USA,https://communication.ucdavis.edu/people/cuihua-shen,18
Seth Frey,"University of California, Davis",USA,https://communication.ucdavis.edu/people/seth-frey,17
Magdalena Wojcieszak,"University of California, Davis",USA,https://communication.ucdavis.edu/people/magdalena-wojcieszak,19
Rob Voigt,"University of California, Davis",USA,,13
Hao-Chuan Wang,"University of California, Davis",USA,,28
Jingwen Zhang,"University of California, Davis",USA,,19
Zubair Shafiq,"University of California, Davis",USA,,9
Carter Butts,"University of California, Irvine",USA,https://engineering.uci.edu/users/carter-butts,31
Ming D. Leung,"University of California, Irvine",USA,https://merage.uci.edu/research-faculty/faculty-directory/ming-leung.html,18
Noah Askin,"University of California, Irvine",USA,,13
Mark Steyvers,"University of California, Irvine",USA,,29
David R. Schaefer,"University of California, Irvine",USA,,27
Homa Hosseinmardi,"University of California, Los Angeles",USA,https://homahm.github.io/,17
Jungseock Joo,"University of California, Los Angeles",USA,https://www.jsjoo.com/,13
Zachary Steinert-Threlkeld,"University of California, Los Angeles",USA,https://luskin.ucla.edu/person/zachary-c-steinert-threlkeld,11
Michelle Torres,"University of California, Los Angeles",USA,https://polisci.ucla.edu/person/michelle-torres/,10
Jennie Brand,"University of California, Los Angeles",USA,https://www.profjenniebrand.com/,22
Omar Lizardo,"University of California, Los Angeles",USA,https://olizardo.github.io/mysite/,24
Ian Lundberg,"University of California, Los Angeles",USA,https://www.ianlundberg.org/,8
Chris Tausanovitch,"University of California, Los Angeles",USA,https://ctausanovitch.com/,14
Kai-Wei Chang,"University of California, Los Angeles",USA,https://web.cs.ucla.edu/~kwchang/,17
Mason Porter,"University of California, Los Angeles",USA,https://www.math.ucla.edu/~mason/,25
Yizhou Sun,"University of California, Los Angeles",USA,https://web.cs.ucla.edu/~yzsun/,17
Xiang 'Anthony' Chen,"University of California, Los Angeles",USA,,20
Chad Hazlett,"University of California, Los Angeles",USA,,18
Falk Lieder,"University of California, Los Angeles",USA,,19
Alexander Petersen,"University of California, Merced",USA,https://faculty.ucmerced.edu/apetersen3/,18
Paul E. Smaldino,"University of California, Merced",USA,https://scholar.google.com/citations?user=AwHfbP0AAAAJ&hl=en,16
Emiliano De Cristofaro,"University of California, Riverside",USA,https://scholar.google.com/citations?user=1wfzUuEAAAAJ&hl=en,19
James Fowler,"University of California, San Diego",USA,https://polisci.ucsd.edu/people/faculty/faculty-directory/currently-active-faculty/fowler-profile.html,28
Molly Roberts,"University of California, San Diego",USA,https://margaretroberts.net/,12
Kevin Lewis,"University of California, San Diego",USA,https://www.kevinlewis-sociology.com/,22
Julian McAuley,"University of California, San Diego",USA,https://cseweb.ucsd.edu/~jmcauley/,19
Berk Ustun,"University of California, San Diego",USA,,18
Kristen Vaccaro,"University of California, San Diego",USA,,11
Steven Dow,"University of California, San Diego",USA,,28
Young Ji Kim,"University of California, Santa Barbara",USA,,14
Amy Orben,University of Cambridge,UK,https://amyorben.com/,8
Sander van der Linden,University of Cambridge,UK,https://www.sdmlab.psychol.cam.ac.uk/staff/prof-sander-van-der-linden,11
David Stillwell,University of Cambridge,UK,https://scholar.google.com/citations?user=z9CoSJMAAAAJ&hl=en,16
Enrico Crema,University of Cambridge,UK,https://scholar.google.com/citations?user=kcrZAd0AAAAJ&hl=en,17
Chenhao Tan,University of Chicago,USA,https://chenhaot.com/,16
James Evans,University of Chicago,USA,https://sociology.uchicago.edu/directory/james-evans,97
Luís M. A. Bettencourt,University of Chicago,USA,https://datascience.uchicago.edu/people/luis-m-a-bettencourt/,31
Aaron Schein,University of Chicago,USA,https://datascience.uchicago.edu/people/aaron-schein/,13
Joshua Jackson,University of Chicago,USA,https://datascience.uchicago.edu/people/joshua-conrad-jackson/,24
Yuan Chang Leong,University of Chicago,USA,https://datascience.uchicago.edu/people/yuan-chang-leong/,13
Molly Offer-Westort,University of Chicago,USA,https://mollyow.github.io,8
John Padgett,University of Chicago,USA,https://home.uchicago.edu/~jpadgett/,56
Bernard Koch,University of Chicago,USA,https://bernardjkoch.com/,8
Hoyt Long,University of Chicago,USA,https://artshumanities.uchicago.edu/directory/hoyt-long,22
Jens Ludwig,University of Chicago,USA,https://voices.uchicago.edu/jensludwig/,29
Kristian Lum,University of Chicago,USA,https://scholar.google.com/citations?user=nfLC9S0AAAAJ&hl=en,16
Evan K. Rose,University of Chicago,USA,,7
René D. Flores,University of Chicago,USA,,16
Mina Lee,University of Chicago,USA,,9
Marshini Chetty,University of Chicago,USA,,22
Sven-Oliver Proksch,University of Cologne,Germany,https://www.svenoliverproksch.com/,19
Clemens Kroneberg,University of Cologne,Germany,,22
Aaron Clauset,University of Colorado Boulder,USA,https://www.colorado.edu/faculty/clauset/,22
Alexandra Siegel,University of Colorado Boulder,USA,https://aasiegel.github.io/website/website-main/,10
Daniel Acuña,University of Colorado Boulder,USA,https://acuna.io/,20
Daniel Larremore,University of Colorado Boulder,USA,https://larremorelab.github.io/dan/,15
Brian C. Keegan,University of Colorado Boulder,USA,https://scholar.google.com/citations?user=zkxrDS8AAAAJ&hl=en,23
Maria Antoniak,University of Colorado Boulder,USA,,11
Jiyoun Suk,University of Connecticut,USA,,9
Roberta Sinatra,University of Copenhagen,Denmark,https://www.robertasinatra.com/,18
Gregory Eady,University of Copenhagen,Denmark,http://gregoryeady.com/,10
Ilias Chalkidis,University of Copenhagen,Denmark,,8
Mathias Wullum Nielsen,University of Copenhagen,Denmark,https://scholar.google.com/citations?user=XbdUGEsAAAAJ&hl=en,13
Charalampos E. Tsourakakis,University of Crete,Greece,,17
Tuğrulcan Elmas,University of Edinburgh,UK,,6
Walid Magdy,University of Edinburgh,UK,,19
Neil R. Bramley,University of Edinburgh,UK,,12
Björn Ross,University of Edinburgh,UK,,32
Tao Zhou,University of Electronic Science and Technology of China,"China, Mainland",http://faculty.uestc.edu.cn/zhoutao1/zh_CN/index.htm,20
Zsófia Boda,University of Essex,UK,,10
Ronaldo Menezes,University of Exeter,UK,,28
Alex Mesoudi,University of Exeter,UK,,21
Jieun Shin,University of Florida,USA,https://www.jou.ufl.edu/staff/jieun-shin/,13
Peng Huang,University of Georgia,USA,https://penghuang.me/,3
Yilang Peng,University of Georgia,USA,https://yilangpeng.com/,9
Alison Heppenstall,University of Glasgow,UK,https://scholar.google.com/citations?user=loMLORsAAAAJ&hl=en,21
Simone Stumpf,University of Glasgow,UK,,28
Michael T. Heaney,University of Glasgow,UK,,30
Nicolás Robinson-García,University of Granada,Spain,,18
Martijn Schoonvelde,University of Groningen,Netherlands,,16
Theresa Gessler,University of Hamburg,Germany,,9
Omar A. Guerrero,University of Helsinki,Finland,,17
Tuuli Toivonen,University of Helsinki,Finland,https://scholar.google.com/citations?user=LC2RTmgAAAAJ&hl=en,26
Haohan Chen,University of Hong Kong,"China, Hong Kong",https://haohanchen.github.io/,9
King-wa Fu,University of Hong Kong,"China, Hong Kong",https://sites.google.com/site/fukingwa/,19
Alec Kirkley,University of Hong Kong,"China, Hong Kong",,12
Ryan Whalen,University of Hong Kong,"China, Hong Kong",,14
Francisco Cantú,University of Houston,USA,https://franciscocantu.github.io/,16
Philip S. Yu,University of Illinois Chicago,USA,https://cs.uic.edu/profiles/philip-yu/,48
Sourav Medya,University of Illinois Chicago,USA,,9
Elena Zheleva,University of Illinois Chicago,USA,,19
Dong Wang,University of Illinois Urbana-Champaign,USA,https://www.wangdong.org/,16
Jessie Chin,University of Illinois Urbana-Champaign,USA,https://jessiechinlab.ischool.illinois.edu/,16
Yang Wang,University of Illinois Urbana-Champaign,USA,http://yangwang.ischool.illinois.edu/,1
Yun Huang,University of Illinois Urbana-Champaign,USA,https://yunhuang.web.illinois.edu/,14
Ted Underwood,University of Illinois Urbana-Champaign,USA,https://ischool.illinois.edu/people/ted-underwood,55
Eunice Santos,University of Illinois Urbana-Champaign,USA,https://ischool.illinois.edu/people/eunice-e-santos,32
Eshwar Chandrasekharan,University of Illinois Urbana-Champaign,USA,http://www.eshwarchandrasekharan.com/,10
Hanghang Tong,University of Illinois Urbana-Champaign,USA,http://tonghanghang.org/,21
Jiawei Han,University of Illinois Urbana-Champaign,USA,http://hanj.cs.illinois.edu/,37
Karrie Karahalios,University of Illinois Urbana-Champaign,USA,https://social.cs.illinois.edu/,27
Koustuv Saha,University of Illinois Urbana-Champaign,USA,https://www.koustuv.com/,8
Ryan Cordell,University of Illinois Urbana-Champaign,USA,https://scholar.google.com/citations?user=wWgyGHwWMwMC&hl=en,12
Vetle I. Torvik,University of Illinois Urbana-Champaign,USA,https://scholar.google.com/citations?user=omG2Pg8AAAAJ&hl=en,25
Marynia Kolak,University of Illinois Urbana-Champaign,USA,,11
Rishab Nithyanand,University of Iowa,USA,,16
Stephen Borgatti,University of Kentucky,USA,https://sites.google.com/site/steveborgatti/home,37
Valerie Hase,University of Klagenfurt,Austria,,12
David Garcia,University of Konstanz,Germany,https://dgarcia.eu/,10
Nils Weidmann,University of Konstanz,Germany,https://www.polver.uni-konstanz.de/cnc/people/weidmann/,20
Ed Manley,University of Leeds,UK,https://mobscilab.com/,15
Nick Malleson,University of Leeds,UK,https://www.nickmalleson.co.uk/,74
Alex Singleton,University of Liverpool,UK,https://www.alex-singleton.com/,21
Daniel Arribas-Bel,University of Liverpool,UK,https://me.darribas.org/,15
Carmen Cabrera-Arnau,University of Liverpool,UK,,5
Francisco Rowe,University of Liverpool,UK,,17
Haiyan Wu,University of Macau,"China, Macau",https://andlab-um.com,16
Filip Agneessens,University of Manchester,UK,,25
Markus Strohmaier,University of Mannheim,Germany,https://scholar.google.com/citations?user=j_pL_PQAAAAJ&hl=en,23
Indira Sen,University of Mannheim,Germany,,7
Sebastian Stier,University of Mannheim,Germany,,10
Cody Buntain,University of Maryland,USA,https://cody.bunta.in/,17
Giovanni Luca Ciampaglia,University of Maryland,USA,https://glciampaglia.com/,18
Philip Resnik,University of Maryland,USA,https://psresnik.github.io/,36
Vanessa Frías-Martínez,University of Maryland,USA,,22
Zubin Jelveh,University of Maryland,USA,,13
Julia Mendelsohn,University of Maryland,USA,,8
Ernesto Calvo,University of Maryland,USA,,28
Yulin Hswen,University of Maryland,USA,,15
Mark Pachucki,University of Massachusetts Amherst,USA,https://markpachucki.com,18
Anthony Paik,University of Massachusetts Amherst,USA,https://www.umass.edu/sociology/about/directory/anthony-paik,26
Brendan O'Connor,University of Massachusetts Amherst,USA,http://brenocon.com/,20
Nicholas Reich,University of Massachusetts Amherst,USA,https://reichlab.io/,17
Mohammad Atari,University of Massachusetts Amherst,USA,,22
Charles Kemp,University of Melbourne,Australia,,28
Andrew Perfors,University of Melbourne,Australia,,27
Nic Geard,University of Melbourne,Australia,,32
Chaoming Song,University of Miami,USA,https://people.miami.edu/profile/f45d5b9d536437ac79b75f5344f6f605,20
Abigail Jacobs,University of Michigan,USA,https://azjacobs.com/,14
Dallas Card,University of Michigan,USA,https://dallascard.github.io/,14
Grant Schoenebeck,University of Michigan,USA,http://schoeneb.people.si.umich.edu/,21
Eric Gilbert,University of Michigan,USA,http://eegilbert.org/,19
Paul Resnick,University of Michigan,USA,https://presnick.people.si.umich.edu/,38
David Jurgens,University of Michigan,USA,http://jurgens.people.si.umich.edu/,26
Justine Zhang,University of Michigan,USA,https://tisjune.github.io/,11
Paramveer Dhillon,University of Michigan,USA,https://pdhillon.com/,18
VG Vinod Vydiswaran,University of Michigan,USA,https://public.websites.umich.edu/~vgvinodv/,22
Daniel Romero,University of Michigan,USA,https://danielmromero.github.io/,17
Yan Chen,University of Michigan,USA,http://yanchen.people.si.umich.edu/,24
Ceren Budak,University of Michigan,USA,http://cbudak.com/index.html,17
Libby Hemphill,University of Michigan,USA,http://www.libbyh.com/,20
Yuki Shiraito,University of Michigan,USA,https://shiraito.github.io/,12
Misha Teplitskiy,University of Michigan,USA,https://sites.google.com/view/teplitskiy/home,10
Qiaozhu Mei,University of Michigan,USA,https://public.websites.umich.edu/~qmei/,23
Jenna Bednar,University of Michigan,USA,https://lsa.umich.edu/polisci/people/faculty/jbednar.html,43
Christian Fong,University of Michigan,USA,https://lsa.umich.edu/polisci/people/faculty/christian-fong.html,10
Andrei Boutyline,University of Michigan,USA,https://lsa.umich.edu/soc/people/faculty/aboutyl.html,14
Elizabeth Bruch,University of Michigan,USA,https://lsa.umich.edu/soc/people/faculty/ebruch.html,24
Christian Sandvig,University of Michigan,USA,https://websites.umich.edu/~csandvig/,24
Danai Koutra,University of Michigan,USA,https://gemslab.github.io/,14
Jason Owen-Smith,University of Michigan,USA,https://public.websites.umich.edu/~jdos/,27
Jon Zelner,University of Michigan,USA,https://epibayes.io/,20
Lu Wang,University of Michigan,USA,https://web.eecs.umich.edu/~wangluxy/,6
Mark Newman,University of Michigan,USA,https://public.websites.umich.edu/~mejn/,38
Rada Mihalcea,University of Michigan,USA,https://web.eecs.umich.edu/~mihalcea/,27
Nicholas P. Camp,University of Michigan,USA,,14
Naoki Masuda,University of Michigan,USA,,32
Jinseok Kim,University of Michigan,USA,,12
Flaminio Squazzoni,University of Milan,Italy,https://behavelab.org/flaminio-squazzoni/,24
Viviana Amati,University of Milano-Bicocca,Italy,,14
Joseph Konstan,University of Minnesota,USA,https://konstan.umn.edu/,35
Loren Terveen,University of Minnesota,USA,https://lorenterveen.com/,38
Russell Funk,University of Minnesota,USA,https://www.russellfunk.org/,14
Stevie Chancellor,University of Minnesota,USA,https://www.steviechancellor.com/,11
Tianxi Li,University of Minnesota,USA,,15
Sean P. Goggins,University of Missouri,USA,,18
Pavel Krivitsky,University of New South Wales Sydney,Australia,,19
Thomas Davidson,"University of North Carolina, Chapel Hill",USA,https://www.thomasrdavidson.com/,8
Neal Caren,"University of North Carolina, Chapel Hill",USA,https://nealcaren.org/,24
Scott Duxbury,"University of North Carolina, Chapel Hill",USA,https://sites.google.com/view/scottduxbury/home,10
Santiago Olivella,"University of North Carolina, Chapel Hill",USA,,3
Ted Mouw,"University of North Carolina, Chapel Hill",USA,,26
Daniel Tadmon,University of Notre Dame,USA,https://www.danieltadmon.com/,5
Nitesh Chawla,University of Notre Dame,USA,https://niteshchawla.nd.edu/,27
Toby Jia-Jun Li,University of Notre Dame,USA,https://toby.li/,11
Yanfang Ye,University of Notre Dame,USA,http://yes-lab.org/,18
Diego Gómez-Zará,University of Notre Dame,USA,,6
Ryan Light,University of Oregon,USA,https://ryanlight.netlify.app/,19
Wolfgang Alschner,University of Ottawa,Canada,,12
Stefanie Haustein,University of Ottawa,Canada,https://scholar.google.com/citations?user=kWhLvE8AAAAJ&hl=en,26
Janet Pierrehumbert,University of Oxford,UK,https://www.phon.ox.ac.uk/jpierrehumbert/,46
Seth Flaxman,University of Oxford,UK,https://sethrf.com/,19
Helen Margetts,University of Oxford,UK,https://www.oii.ox.ac.uk/people/profiles/helen-margetts/,34
Scott Hale,University of Oxford,UK,https://www.oii.ox.ac.uk/people/profiles/scott-hale/,31
Xiaowen Dong,University of Oxford,UK,https://web.media.mit.edu/~xdong/,14
Mark Graham,University of Oxford,UK,https://www.oii.ox.ac.uk/people/profiles/mark-graham/,18
Bernie Hogan,University of Oxford,UK,https://www.oii.ox.ac.uk/people/profiles/bernie-hogan/,20
Andrew Przybylski,University of Oxford,UK,https://www.andrewprzybylski.me/,19
Moritz Kraemer,University of Oxford,UK,https://kraemerlab.com/,32
Neil Ketchley,University of Oxford,UK,https://www.politics.ox.ac.uk/person/neil-ketchley,14
Renaud Lambiotte,University of Oxford,UK,https://www.maths.ox.ac.uk/people/renaud.lambiotte,21
Fabian Stephany,University of Oxford,UK,https://scholar.google.com/citations?user=guvrufQAAAAJ&hl=en,44
Ridhi Kashyap,University of Oxford,UK,,12
Mohsen Mosleh,University of Oxford,UK,https://scholar.google.com/citations?user=DAivUTUAAAAJ&hl=en,31
Manlio De Domenico,University of Padova,Italy,https://manliodedomenico.com/,15
Giovanni Da San Martino,University of Padova,Italy,,22
Giacomo Livan,University of Pavia,Italy,,16
Duncan Watts,University of Pennsylvania,USA,https://duncanjwatts.com/,27
Daniel Hopkins,University of Pennsylvania,USA,https://web.sas.upenn.edu/danhop/,21
Dean Knox,University of Pennsylvania,USA,http://www.dcknox.com/,13
Damon Centola,University of Pennsylvania,USA,https://www.asc.upenn.edu/people/faculty/damon-centola-phd,20
Sandra González-Bailón,University of Pennsylvania,USA,https://sandragonzalezbailon.net/,19
Aaron Roth,University of Pennsylvania,USA,https://www.cis.upenn.edu/~aaroth/,19
Barbara Mellers,University of Pennsylvania,USA,https://marketing.wharton.upenn.edu/profile/mellers/,47
Danae Metaxa,University of Pennsylvania,USA,https://metaxa.net/,8
Daniel Rock,University of Pennsylvania,USA,https://oid.wharton.upenn.edu/profile/rockdi/,9
Deen Freelon,University of Pennsylvania,USA,http://dfreelon.org/,16
Desmond Upton Patton,University of Pennsylvania,USA,https://www.desmondpatton.com/,16
Kartik Hosanagar,University of Pennsylvania,USA,https://www.hosanagar.com/,24
Lyle Ungar,University of Pennsylvania,USA,https://www.cis.upenn.edu/~ungar/,45
Lynn Wu,University of Pennsylvania,USA,https://oid.wharton.upenn.edu/profile/wulynn/,22
Michael Kearns,University of Pennsylvania,USA,https://www.cis.upenn.edu/~mkearns/,40
Philip Tetlock,University of Pennsylvania,USA,https://psychology.sas.upenn.edu/people/philip-tetlock,49
Prasanna Tambe,University of Pennsylvania,USA,https://tambep.github.io/,19
Yphtach Lelkes,University of Pennsylvania,USA,https://www.ylelkes.com/,16
Manav Raj,University of Pennsylvania,USA,,9
Henning Piezunka,University of Pennsylvania,USA,,14
Daniel A. Levinthal,University of Pennsylvania,USA,,44
Blake Miller,University of Pennsylvania,USA,,9
Sudeep Bhatia,University of Pennsylvania,USA,,13
Sharath Chandra Guntuku,University of Pennsylvania,USA,,12
Salvatore Ruggieri,University of Pisa,Italy,,31
Dino Pedreschi,University of Pisa,Italy,https://scholar.google.com/citations?user=5efz6osAAAAJ&hl=en,40
Diane Litman,University of Pittsburgh,USA,https://people.cs.pitt.edu/~litman/,43
Janyce Wiebe,University of Pittsburgh,USA,https://people.cs.pitt.edu/~wiebe/,39
Morgan Frank,University of Pittsburgh,USA,https://sites.pitt.edu/~mrfrank/,12
Lingfei Wu,University of Pittsburgh,USA,https://lingfeiwu.github.io/,9
Yu-Ru Lin,University of Pittsburgh,USA,https://www.yurulin.com/,23
Rosta Farzan,University of Pittsburgh,USA,,25
Amin Rahimian,University of Pittsburgh,USA,,16
Peter Brusilovsky,University of Pittsburgh,USA,https://scholar.google.com/citations?user=s6RpNfAAAAAJ&hl=en,34
Gianluca Demartini,University of Queensland,Australia,https://scholar.google.com/citations?user=PCAiILsAAAAJ&hl=en,19
Tim Miller,University of Queensland,Australia,,27
Lauren Tilton,University of Richmond,USA,https://laurentilton.com/,11
Taylor Arnold,University of Richmond,USA,https://taylorarnold.org/,18
Gourab Ghoshal,University of Rochester,USA,https://gghoshal.pas.rochester.edu/,22
Linyuan Lü,University of Science and Technology of China,"China, Mainland",https://faculty.ustc.edu.cn/lvlinyuan/en/index.htm,19
Xiangnan He,University of Science and Technology of China,"China, Mainland",https://hexiangnan.github.io/,15
Mike Thelwall,University of Sheffield,UK,https://scholar.google.com/citations?user=8jCKL1sAAAAJ&hl=en,27
Kalina Bontcheva,University of Sheffield,UK,,29
jimi adams,University of South Carolina,USA,,23
Shengjie Lai,University of Southampton,UK,,16
Kristina Lerman,Indiana University Bloomington,USA,https://www.isi.edu/people-lerman/,33
Emilio Ferrara,University of Southern California,USA,https://annenberg.usc.edu/faculty/emilio-ferrara,32
Jieyu Zhao,University of Southern California,USA,https://jieyuz.net/,10
Swabha Swayamdipta,University of Southern California,USA,https://swabhs.com/,13
Luca Luceri,University of Southern California,USA,,9
Geoff Boeing,University of Southern California,USA,https://scholar.google.com/citations?user=xaKBPQQAAAAJ&hl=en,11
Thomas W. Valente,University of Southern California,USA,,34
Milan Miric,University of Southern California,USA,,20
Morteza Dehghani,University of Southern California,USA,https://scholar.google.com/citations?user=my6AUyAAAAAJ&hl=en,19
Florenta Teodoridis,University of Southern California,USA,,12
Oliver Baumann,University of Southern Denmark,Denmark,,23
Josephine Lukito,University of Southern Denmark,Denmark,,13
Pantelis P. Analytis,University of Southern Denmark,Denmark,,17
Clemens Stachl,University of St. Gallen,Switzerland,,10
Daniele Rotolo,University of Sussex,UK,,17
Somwrita Sarkar,University of Sydney,Australia,https://scholar.google.com/citations?user=hAsRvWsAAAAJ&hl=en,20
Mikhail Prokopenko,University of Sydney,Australia,,30
Marian-Andrei Rizoiu,University of Technology Sydney,Australia,,15
Yi Zhang,University of Technology Sydney,Australia,,1
Shirin Nilizadeh,University of Texas at Arlington,USA,,18
Yan Leng,University of Texas at Austin,USA,https://yleng.github.io/www/,9
Ken-hou Lin,University of Texas at Austin,USA,https://www.kenhoulin.info/,15
Junyi Jessy Li,University of Texas at Austin,USA,https://jessyli.com/,11
Lauren Ancel Meyers,University of Texas at Austin,USA,http://www.bio.utexas.edu/research/meyers/,23
Natalie Jomini Stroud,University of Texas at Austin,USA,https://moody.utexas.edu/faculty/natalie-jomini-stroud,20
Ying Ding,University of Texas at Austin,USA,https://yingding.ischool.utexas.edu/,27
Matthew Lease,University of Texas at Austin,USA,,32
Nathan TeBlunthuis,University of Texas at Austin,USA,https://scholar.google.com/citations?user=GHoVBksAAAAJ&hl=en,8
Hanlin Li,University of Texas at Austin,USA,,9
Desmond C. Ong,University of Texas at Austin,USA,,17
Purnamrita Sarkar,University of Texas at Austin,USA,https://scholar.google.com/citations?user=KfT3_0AAAAAJ&hl=en,20
James Howison,University of Texas at Austin,USA,,37
Sotaro Shibayama,University of Tokyo,Japan,https://sotaroshibayama.weebly.com/,19
Koji Yatani,University of Tokyo,Japan,,23
Ashton Anderson,University of Toronto,Canada,https://www.cs.toronto.edu/~ashton/,17
Zhijing JIN,University of Toronto,Canada,https://zhijing-jin.com/fantasy/,7
Yang Xu,University of Toronto,Canada,https://www.cs.toronto.edu/~yangxu/,8
Avi Goldfarb,University of Toronto,Canada,https://www.avigoldfarb.com/,24
Bo Cowgill,University of Toronto,Canada,https://sites.google.com/view/bocowgill/,16
Daniel Silver,University of Toronto,Canada,https://www.utsc.utoronto.ca/sociology/daniel-silver,19
Michele Tizzoni,University of Trento,Italy,https://micheletizzoni.github.io/,16
Alberto Acerbi,University of Trento,Italy,,19
Gian Maria Campedelli,University of Trento,Italy,,9
Christof Schoech,University of Trier,Germany,https://christof-schoech.de/,19
Yukie Sano,University of Tsukuba,Japan,,16
Rossano Schifanella,University of Turin,Italy,,21
Nicola Righetti,University of Urbino Carlo Bo,Italy,,12
Fabio Giglietto,University of Urbino Carlo Bo,Italy,,25
Christopher Danforth,University of Vermont,USA,https://cdanfort.w3.uvm.edu/,20
Jean-Gabriel Young,University of Vermont,USA,https://jgyoung.ca/,13
Laurent Hébert-Dufresne,University of Vermont,USA,https://laurenthebertdufresne.github.io/,15
Peter Sheridan Dodds,University of Vermont,USA,https://pdodds.w3.uvm.edu/,49
Simone Rebora,University of Verona,Italy,,11
Annie Waldherr,University of Vienna,Austria,https://compcommlab.univie.ac.at/team/annie-waldherr/,50
Krzysztof Janowicz,University of Vienna,Austria,https://kjano.github.io/,22
Hajo Boomgaarden,University of Vienna,Austria,,22
Yong-Yeol Ahn,University of Virginia,USA,https://yyahn.com/about/,22
Alex Gates,University of Virginia,USA,https://datascience.virginia.edu/people/alex-gates,21
Jundong Li,University of Virginia,USA,https://jundongli.github.io/,11
Michael Livermore,University of Virginia,USA,https://michaellivermore.com/,19
Anil Vullikanti,University of Virginia,USA,https://scholar.google.com/citations?user=MNJ-E9UAAAAJ&hl=en,22
Marcin Waniek,University of Warsaw,Poland,,11
Ching Jin,University of Warwick,UK,https://warwick.ac.uk/fac/cross_fac/cim/people/ching-jin/,8
Suzy Moat,University of Warwick,UK,https://www.wbs.ac.uk/about/person/suzy-moat/,17
Martin Saveski,University of Washington,USA,http://martinsaveski.com/,15
Aylin Caliskan,University of Washington,USA,https://faculty.washington.edu/aylin/,13
Benjamin Charles Germain Lee,University of Washington,USA,https://ischool.uw.edu/people/faculty/profile/bcgl,9
Carl Bergstrom,University of Washington,USA,http://carlbergstrom.com/,30
Jevin West,University of Washington,USA,https://www.jevinwest.org/,21
Emma Spiro,University of Washington,USA,https://emmaspiro.github.io/,18
Benjamin Mako Hill,University of Washington,USA,https://mako.cc,22
Zack Almquist,University of Washington,USA,https://zalmquist.github.io/publications/,15
Andrew Messamore,University of Washington,USA,https://soc.washington.edu/people/andrew-messamore,11
Amy X. Zhang,University of Washington,USA,https://homes.cs.washington.edu/~axz/,13
Bo Zhao,University of Washington,USA,https://hgis.uw.edu/,11
Jeffrey Heer,University of Washington,USA,https://homes.cs.washington.edu/~jheer/,25
Kate Starbird,University of Washington,USA,https://faculty.washington.edu/kstarbi/,15
Katharina Reinecke,University of Washington,USA,https://homes.cs.washington.edu/~reinecke/,18
Noah A. Smith,University of Washington,USA,https://nasmith.github.io/,26
Ranjay Krishna,University of Washington,USA,https://www.ranjaykrishna.com/,10
Tanushree Mitra,University of Washington,USA,https://faculty.washington.edu/tmitra/,13
Tim Althoff,University of Washington,USA,https://homes.cs.washington.edu/~althoff/,14
Yulia Tsvetkov,University of Washington,USA,https://homes.cs.washington.edu/~yuliats/,15
Melanie Walsh,University of Washington,USA,,7
Steven M. Goodreau,University of Washington,USA,,24
Franziska Roesner,University of Washington,USA,https://scholar.google.com/citations?user=q5GIWC0AAAAJ&hl=en,18
Chirag Shah,University of Washington,USA,,23
Tyler H. McCormick,University of Washington,USA,,18
Edith Law,University of Waterloo,Canada,https://scholar.google.com/citations?user=OOssnq8AAAAJ&hl=en,18
Jodi Schneider,"University of Wisconsin, Madison",USA,https://jodischneider.com/jodi.html,24
Anton Strezhnev,"University of Wisconsin, Madison",USA,https://www.antonstrezhnev.com,12
Dhavan Shah,"University of Wisconsin, Madison",USA,https://sjmc.wisc.edu/news/staff/dhavan-v-shah/,31
Sijia Yang,"University of Wisconsin, Madison",USA,https://sjmc.wisc.edu/news/staff/yang-sijia/,14
Chaoqun Ni,"University of Wisconsin, Madison",USA,https://chaoqunni.github.io/,17
Song Gao,"University of Wisconsin, Madison",USA,https://geography.wisc.edu/geods/,19
Kaiping Chen,"University of Wisconsin, Madison",USA,,10
Fotis Jannidis,University of Würzburg,Germany,,30
Yamir Moreno,University of Zaragoza,Spain,https://cosnet.bifi.es/people/yamir-moreno/,27
Alberto Aleta,University of Zaragoza,Spain,,12
Anikó Hannák,University of Zurich,Switzerland,https://www.ifi.uzh.ch/en/scg/people/hannak.html,14
Fabrizio Gilardi,University of Zurich,Switzerland,https://fabriziogilardi.org/,75
Karsten Donnay,University of Zurich,Switzerland,https://www.karstendonnay.net/,13
Per Block,University of Zurich,Switzerland,,11
Alexandre Bovet,University of Zurich,Switzerland,,16
Claudio J. Tessone,University of Zurich,Switzerland,https://scholar.google.com/citations?user=RAGOVXgAAAAJ&hl=en,27
Lucas Leemann,University of Zurich,Switzerland,,17
Javier Garcia-Bernardo,Utrecht University,Netherlands,,12
Dong Nguyen,Utrecht University,Netherlands,https://scholar.google.com/citations?user=iladopIAAAAJ&hl=en,19
Rense Corten,Utrecht University,Netherlands,,21
Anna Salomons,Utrecht University,Netherlands,,25
Sabrina Genz,Utrecht University,Netherlands,,8
Cassy Dorff,Vanderbilt University,USA,https://www.cassydorff.com/,16
Jennifer Larson,Vanderbilt University,USA,https://www.jmlarson.com/,20
Tyler Derr,Vanderbilt University,USA,https://scholar.google.com/citations?user=et6IhFcAAAAJ&hl=en,10
H. Andrew Schwartz,Vanderbilt University,USA,,17
Sanmay Das,Virginia Polytechnic Institute and State University,USA,https://scholar.google.com/citations?user=HRSDO6IAAAAJ&hl=en,24
Kurt Luther,Virginia Polytechnic Institute and State University,USA,,18
Damian Trilling,Vrije Universiteit Amsterdam,Netherlands,https://damiantrilling.net/en/,15
Sílvia Majó-Vázquez,Vrije Universiteit Amsterdam,Netherlands,https://silviamajo.com/about/,10
Kasper Welbers,Vrije Universiteit Amsterdam,Netherlands,https://research.vu.nl/en/persons/kasper-welbers,15
Wouter van Atteveldt,Vrije Universiteit Amsterdam,Netherlands,https://vanatteveldt.com/,18
Marcos Oliveira,Vrije Universiteit Amsterdam,Netherlands,,13
Rens Vliegenthart,Wageningen University & Research,Netherlands,,23
Emily Öhman,Waseda University,Japan,,33
Peter Grajzl,Washington and Lee University,USA,,22
Christopher Lucas,Washington University in St. Louis,USA,https://christopherlucas.org/,21
Betsy Sinclair,Washington University in St. Louis,USA,https://sites.wustl.edu/betsysinclair/,21
Jens Frankenreiter,Washington University in St. Louis,USA,https://www.jensfrankenreiter.com/,9
Chien-Ju Ho,Washington University in St. Louis,USA,,20
Jacob M. Montgomery,Washington University in St. Louis,USA,,19
Jakob Ohme,Weizenbaum Institute for the Networked Society,Germany,https://scholar.google.com/citations?user=u0myJB4AAAAJ&hl=en,12
Eni Mustafaraj,Wellesley College,USA,,22
Katherine Keith,Williams College,USA,https://kakeith.github.io/,8
Lin Zhang,Wuhan University,"China, Mainland",,19
Ying Huang,Wuhan University,"China, Mainland",https://scholar.google.com/citations?user=goz7XNsAAAAJ&hl=en,11
Nicholas Christakis,Yale University,USA,https://humannaturelab.net/director,40
Yuan Hsiao,Yale University,USA,https://sociology.yale.edu/profile/yuan-hsiao,18
Balazs Kovacs,Yale University,USA,https://faculty.som.yale.edu/balazskovacs/,21
Tristan L. Botelho,Yale University,USA,https://tristanbotelho.com/,12
Johan Ugander,Yale University,USA,https://jugander.github.io/,18
Justin Farrell,Yale University,USA,https://justinfarrell.org/,43
Daniel Karell,Yale University,USA,https://www.danielkarell.com/,11
Rex Ying,Yale University,USA,https://www.cs.yale.edu/homes/ying-rex/,10
Robb Rutledge,Yale University,USA,https://rutledgelab.org/,21
Shiro Kuriwaki,Yale University,USA,,11
Julian Jara-Ettinger,Yale University,USA,https://scholar.google.com/citations?user=lsiZ9CsAAAAJ&hl=en,14
Emily Erikson,Yale University,USA,,21
Yang Yang,Zhejiang University,"China, Mainland",http://yangy.org/,19
Zi-Ke Zhang,Zhejiang University,"China, Mainland",https://person.zju.edu.cn/zkz,18
Bolun Zhang,Zhejiang University,"China, Mainland",http://sociology.zju.edu.cn/index.php/Teacher/details.html?id=196&tid=19&sid=3,1
Linzhuo Li,Zhejiang University,"China, Mainland",http://sociology.zju.edu.cn/index.php/Teacher/e_details.html?id=80&tid=19&sid=2,7
Yang Chen,Fudan University,"China, Mainland",https://chenyang03.wordpress.com/,27
Lucy Li,"University of Wisconsin, Madison",USA,https://lucy3.github.io/,8
Hancheng Cao,Emory University,USA,https://hanchengcao.me/,7
Charles Rahal,University of Oxford,UK,https://crahal.com/,10
Jiaxin Pei,University of Texas at Austin,USA,https://jiaxin-pei.github.io/,7
Chan Young Park,University of Texas at Austin,USA,https://chan0park.github.io/,6
James Pennebaker,University of Texas at Austin,USA,https://www.utpsyc.org/,53
Nic Weber,University of Washington,USA,https://nicweber.info/,15
Kai-Cheng Yang,Binghamton University,USA,https://www.kaichengyang.me/,11
Hang Jiang,Northeastern University,USA,https://hjian42.github.io/,6
Marc Berman,University of Chicago,USA,https://psychology.uchicago.edu/directory/marc-g-berman,19
Steve Rathje,Carnegie Mellon University,USA,https://stevenrathje.com/,5
Sujoy Sikdar,Binghamton University,USA,https://www.cs.binghamton.edu/~sikdar/,12
﻿name,affiliation,country,homepage
Abigail Jacobs,University of Michigan,USA,https://azjacobs.com/
Aleksandra Korolova,Princeton University,USA,https://www.korolova.com/
Allison Koenecke,Cornell University,USA,https://koenecke.infosci.cornell.edu/
Dallas Card,University of Michigan,USA,https://dallascard.github.io/
Dong Wang,University of Illinois Urbana-Champaign,USA,https://www.wangdong.org/
Fei Fang,Carnegie Mellon University,USA,https://feifang.info/
Grant Schoenebeck,University of Michigan,USA,http://schoeneb.people.si.umich.edu/
Jungpil Hahn,National University of Singapore,Singapore,https://www.garbcan.com/
Manoel Horta Ribeiro,Princeton University,USA,https://manoelhortaribeiro.github.io/
Martin Saveski,University of Washington,USA,http://martinsaveski.com/
Michiel Bakker,Massachusetts Institute of Technology,USA,https://miba.dev/
Swapnil Mishra,National University of Singapore,Singapore,https://www.smishra.dev/
Yves-Alexandre de Montjoye,Imperial College London,UK,https://demontjoye.com/
Ashton Anderson,University of Toronto,Canada,https://www.cs.toronto.edu/~ashton/
Jie Tang,Tsinghua University,"China, Mainland",https://keg.cs.tsinghua.edu.cn/jietang/
Jure Leskovec,Stanford University,USA,https://cs.stanford.edu/people/jure/
Serina Chang,"University of California, Berkeley",USA,https://serinachang5.github.io/
Yang Yang,Zhejiang University,"China, Mainland",http://yangy.org/
Chenhao Tan,University of Chicago,USA,https://chenhaot.com/
Eric Gilbert,University of Michigan,USA,http://eegilbert.org/
Hirokazu Shirado,Carnegie Mellon University,USA,https://www.shirado.net/
Iyad Rahwan,Max Planck Institute,Germany,https://www.rahwan.me/
Jessie Chin,University of Illinois Urbana-Champaign,USA,https://jessiechinlab.ischool.illinois.edu/
Kristina Lerman,University of Southern California,USA,https://www.isi.edu/people-lerman/
Matt Groh,Northwestern University,USA,https://mattgroh.com/
Mor Naaman,Cornell University,USA,https://mmoorr.github.io/www_personal/
Mu-Jung Cho,Academia Sinica,"China, Taiwan",https://www.rchss.sinica.edu.tw/members/4a08ea44-a61a-4425-acc5-95fe06e67a32?page_id=45
Nello Cristianini,University of Bath,UK,https://researchportal.bath.ac.uk/en/persons/nello-cristianini
Paul Resnick,University of Michigan,USA,https://presnick.people.si.umich.edu/
Taha Yasseri,Trinity College Dublin,Ireland,https://tahayasseri.com/
Yang Wang,University of Illinois Urbana-Champaign,USA,http://yangwang.ischool.illinois.edu/
Yang Zhang,Miami University,USA,https://yznd42.github.io/
Yi-Chieh Lee,National University of Singapore,Singapore,https://www.yclee.net/
Yun Huang,University of Illinois Urbana-Champaign,USA,https://yunhuang.web.illinois.edu/
Ziang Xiao,Johns Hopkins University,USA,https://www.ziangxiao.com/
Aylin Caliskan,University of Washington,USA,https://faculty.washington.edu/aylin/
Cristian Danescu-Niculescu-Mizil,Cornell University,USA,https://www.cs.cornell.edu/~cristian/
David Jurgens,University of Michigan,USA,http://jurgens.people.si.umich.edu/
Dan Jurafsky,Stanford University,USA,http://web.stanford.edu/~jurafsky/
David Mimno,Cornell University,USA,https://mimno.infosci.cornell.edu/
Deb Roy,Massachusetts Institute of Technology,USA,https://www.media.mit.edu/people/dkroy/overview/
Diane Litman,University of Pittsburgh,USA,https://people.cs.pitt.edu/~litman/
Diyi Yang,Stanford University,USA,https://cs.stanford.edu/~diyiy/
Janet Pierrehumbert,University of Oxford,UK,https://www.phon.ox.ac.uk/jpierrehumbert/
Janyce Wiebe,University of Pittsburgh,USA,https://people.cs.pitt.edu/~wiebe/
Justine Zhang,University of Michigan,USA,https://tisjune.github.io/
Ken Benoit,Singapore Management University,Singapore,https://kenbenoit.net/
Kokil Jaidka,National University of Singapore,Singapore,https://discovery.nus.edu.sg/17291-kokil-jaidka/
Lillian Lee,Cornell University,USA,https://www.cs.cornell.edu/home/llee/
Min-Yen Kan,National University of Singapore,Singapore,https://www.comp.nus.edu.sg/~kanmy/
Paramveer Dhillon,University of Michigan,USA,https://pdhillon.com/
Ted Underwood,University of Illinois Urbana-Champaign,USA,https://ischool.illinois.edu/people/ted-underwood
VG Vinod Vydiswaran,University of Michigan,USA,https://public.websites.umich.edu/~vgvinodv/
Zhiyuan Liu,Tsinghua University,"China, Mainland",https://nlp.csai.tsinghua.edu.cn/~lzy/
Zhijing JIN,University of Toronto,Canada,https://zhijing-jin.com/fantasy/
Esteban Moro,Northeastern University,USA,https://estebanmoro.org/
Lei Dong,Peking University,"China, Mainland",http://donglei.org/about/
Matthew Wilkens,Cornell University,USA,https://bowers.cornell.edu/people/matthew-wilkens
Xinyue Ye,University of Alabama,USA,https://geography.ua.edu/people/xinyue-ye/
Aaron Clauset,University of Colorado Boulder,USA,https://www.colorado.edu/faculty/clauset/
Akira Endo,National University of Singapore,Singapore,https://akira-endo.github.io/
Albert-László Barabási,Northeastern University,USA,https://barabasi.com/
An Zeng,Beijing Normal University,"China, Mainland",https://sss.bnu.edu.cn/szdw/zzjs/js/8b4c96518e694080a5319f428abe045f.htm
Bibhas Chakraborty,National University of Singapore,Singapore,https://blog.nus.edu.sg/bibhas/
Chen-Shuo Hong,National Taiwan University,"China, Taiwan",https://sociology.ntu.edu.tw/en/faculty/chen-shuo-hong/
Ching Jin,University of Warwick,UK,https://warwick.ac.uk/fac/cross_fac/cim/people/ching-jin/
Daniel Romero,University of Michigan,USA,https://danielmromero.github.io/
David Easley,Cornell University,USA,https://easley.economics.cornell.edu/
Duncan Watts,University of Pennsylvania,USA,https://duncanjwatts.com/
Eunice Santos,University of Illinois Urbana-Champaign,USA,https://ischool.illinois.edu/people/eunice-e-santos
Éva Tardos,Cornell University,USA,https://www.cs.cornell.edu/people/tardos
Hsuan-Wei Lee,Lehigh University,USA,https://sites.google.com/view/hsuanweilee/home
Jiang Zhang,Beijing Normal University,"China, Mainland",https://jake.swarma.org/index.html
Kathleen Carley,Carnegie Mellon University,USA,https://s3d.cmu.edu/people/core-faculty/carley-kathleen.html
Jaemin Lee,Chinese University of Hong Kong,"China, Hong Kong",https://www.soc.cuhk.edu.hk/profile/lee-jaemin/
Michael Macy,Cornell University,USA,https://sociology.cornell.edu/michael-macy
Milena Tsvetkova,London School of Economics and Political Science,UK,https://tsvetkova.me/
Nicholas Christakis,Yale University,USA,https://humannaturelab.net/director
Noshir Contractor,Northwestern University,USA,https://nosh.northwestern.edu/
Patrick Park,Carnegie Mellon University,USA,https://patpark.org/
Prateek Bansal,National University of Singapore,Singapore,https://cde.nus.edu.sg/cee/staff/prateek-bansal/
Seth Flaxman,University of Oxford,UK,https://sethrf.com/
Steven Strogatz,Cornell University,USA,https://www.stevenstrogatz.com/
Yan Leng,University of Texas at Austin,USA,https://yleng.github.io/www/
Yen-Sheng Chiang,Academia Sinica,"China, Taiwan",https://www.ios.sinica.edu.tw/pi.php?id=134&typeID=100
Yongren Shi,University of Arizona,USA,https://sociology.arizona.edu/person/yongren-shi
Yuan Hsiao,Yale University,USA,https://sociology.yale.edu/profile/yuan-hsiao
Yuan Yuan,"University of California, Davis",USA,https://www.yuan-yy.com/
Zi-Ke Zhang,Zhejiang University,"China, Mainland",https://person.zju.edu.cn/zkz
Benjamin Charles Germain Lee,University of Washington,USA,https://ischool.uw.edu/people/faculty/profile/bcgl
DongWon Oh,"University of California, Berkeley",USA,https://dongwonoh.com/
Cristobal Cheyre,Cornell University,USA,https://ccheyre.github.io/
Joshua Blumenstock,"University of California, Berkeley",USA,https://www.jblumenstock.com/
Khim Yong Goh,National University of Singapore,Singapore,https://www.comp.nus.edu.sg/disa/people/gohky/
Lawrence E. Blume,Cornell University,USA,https://sites.santafe.edu/~leb/
Melissa Dell,Harvard University,USA,https://dell-research-harvard.github.io/
Morgan Frank,University of Pittsburgh,USA,https://sites.pitt.edu/~mrfrank/
Nikhil Garg,Cornell University,USA,https://gargnikhil.com/
Zhiwei Steven Wu,Carnegie Mellon University,USA,https://zstevenwu.com/
Yan Chen,University of Michigan,USA,http://yanchen.people.si.umich.edu/
Nathan Matias,Cornell University,USA,https://natematias.com/
Philip Stark,"University of California, Berkeley",USA,https://www.stat.berkeley.edu/~stark/
Gillian Hadfield,Johns Hopkins University,USA,https://engineering.jhu.edu/faculty/gillian-hadfield/
Balazs Kovacs,Yale University,USA,https://faculty.som.yale.edu/balazskovacs/
Tristan L. Botelho,Yale University,USA,https://tristanbotelho.com/
Abdullah Almaatouq,Massachusetts Institute of Technology,USA,http://amaatouq.io/
Anita Woolley,Carnegie Mellon University,USA,https://sites.google.com/view/anitawoolley-com/home
Alex Sandy Pentland,Massachusetts Institute of Technology,USA,https://www.media.mit.edu/people/sandy/overview/
Ceren Budak,University of Michigan,USA,http://cbudak.com/index.html
Thomas Malone,Massachusetts Institute of Technology,USA,https://mitsloan.mit.edu/faculty/directory/thomas-w-malone
Alex Cook,National University of Singapore,Singapore,https://sph.nus.edu.sg/faculty-directory/cook-alex-richard/
Hannah Eleanor Clapham,National University of Singapore,Singapore,https://sph.nus.edu.sg/faculty-directory/clapham-hannah/
Wei Luo,National University of Singapore,Singapore,https://fass.nus.edu.sg/geog/people/luo-wei/
Yi-Chen Wang,National University of Singapore,Singapore,https://fass.nus.edu.sg/geog/people/wang-yi-chen/
Anfan Chen,Hong Kong Baptist University,"China, Hong Kong",https://coms.hkbu.edu.hk/faculty-and-staff/anfan-chen.html
Chris Bail,Duke University,USA,https://www.chrisbail.net/
Damian Trilling,Vrije Universiteit Amsterdam,Netherlands,https://damiantrilling.net/en/
Daniel Hopkins,University of Pennsylvania,USA,https://web.sas.upenn.edu/danhop/
Dean Knox,University of Pennsylvania,USA,http://www.dcknox.com/
Francisco Cantú,University of Houston,USA,https://franciscocantu.github.io/
Gary King,Harvard University,USA,https://gking.harvard.edu/
Haohan Chen,University of Hong Kong,"China, Hong Kong",https://haohanchen.github.io/
Joshua Tucker,New York University,USA,https://as.nyu.edu/faculty/joshua-tucker.html
Libby Hemphill,University of Michigan,USA,http://www.libbyh.com/
Michael Alvarez,California Institute of Technology,USA,https://www.rmichaelalvarez.com/
Naijia Liu,Harvard University,USA,https://naijialiu.github.io/
Sílvia Majó-Vázquez,Vrije Universiteit Amsterdam,Netherlands,https://silviamajo.com/about/
Sinan Aral,Massachusetts Institute of Technology,USA,https://www.sinanaral.io/
Yingdan Lu,Northwestern University,USA,https://yingdanlu.com/
Yuki Shiraito,University of Michigan,USA,https://shiraito.github.io/
Haiyan Wu,University of Macau,"China, Macau",https://andlab-um.com
Joshua Tenenbaum,Massachusetts Institute of Technology,USA,https://cocosci.mit.edu/josh-tenenbaum/
Morten Christiansen,Cornell University,USA,https://psychology.cornell.edu/morten-h-christiansen
Nick Haber,Stanford University,USA,https://ed.stanford.edu/faculty/nhaber
Rene Kizilcec,Cornell University,USA,https://rene.kizilcec.com/
Simon DeDeo,Carnegie Mellon University,USA,https://sites.santafe.edu/~simon/
Yang Xu,University of Toronto,Canada,https://www.cs.toronto.edu/~yangxu/
Adam Jaffe,Brandeis University,USA,https://scholarworks.brandeis.edu/esploro/profile/adam_jaffe/overview?institution=01BRAND_INST
Alexander Petersen,"University of California, Merced",USA,https://faculty.ucmerced.edu/apetersen3/
Bolun Zhang,Zhejiang University,"China, Mainland",http://sociology.zju.edu.cn/index.php/Teacher/details.html?id=196&tid=19&sid=3
Benjamin Jones,Northwestern University,USA,https://www.kellogg.northwestern.edu/faculty/directory/jones_benjamin_f.aspx
Brian Uzzi,Northwestern University,USA,https://www.kellogg.northwestern.edu/faculty/directory/uzzi_brian.aspx
Bruce Weinberg,Ohio State University,USA,https://economics.osu.edu/people/weinberg.27
Carl Bergstrom,University of Washington,USA,http://carlbergstrom.com/
Daniel McFarland,Stanford University,USA,https://ed.stanford.edu/faculty/mcfarland
Dashun Wang,Northwestern University,USA,https://www.kellogg.northwestern.edu/faculty/directory/wang_dashun.aspx
Emőke-Ágnes Horvát,Northwestern University,USA,https://agneshorvat.soc.northwestern.edu/
Erin Leahey,University of Arizona,USA,https://sociology.arizona.edu/person/erin-leahey
Fengli Xu,Tsinghua University,"China, Mainland",https://fenglixu.github.io/
Jodi Schneider,"University of Wisconsin, Madison",USA,https://jodischneider.com/jodi.html
Katy Börner,Indiana University Bloomington,USA,https://cns-iu.github.io/katy/
Lingfei Wu,University of Pittsburgh,USA,https://lingfeiwu.github.io/
Linzhuo Li,Zhejiang University,"China, Mainland",http://sociology.zju.edu.cn/index.php/Teacher/e_details.html?id=80&tid=19&sid=2
Ludo Waltman,Leiden University,Netherlands,https://www.universiteitleiden.nl/en/staffmembers/ludo-waltman/publications#tab-1
Matt Marx,Cornell University,USA,https://dyson.cornell.edu/faculty-research/faculty/mtm83/
Misha Teplitskiy,University of Michigan,USA,https://sites.google.com/view/teplitskiy/home
James Evans,University of Chicago,USA,https://sociology.uchicago.edu/directory/james-evans
Jevin West,University of Washington,USA,https://www.jevinwest.org/
Junming Huang,Princeton University,USA,https://ccc.princeton.edu/people/junming-huang
Roberta Sinatra,University of Copenhagen,Denmark,https://www.robertasinatra.com/
Santo Fortunato,Indiana University Bloomington,USA,https://www.santofortunato.net/
Staša Milojević,Indiana University Bloomington,USA,https://luddy.iu.edu/people/milojevi%C4%87-sta%C5%A1a.html
Yian Yin,Cornell University,USA,https://www.yianyin.net/
Yong-Yeol Ahn,University of Virginia,USA,https://yyahn.com/about/
Anastasia Bizyaeva,Cornell University,USA,https://anastasiabzv.github.io/
Ji-Lung Hsieh,National Taiwan University,"China, Taiwan",https://homepage.ntu.edu.tw/~jour/faculty/jerryhsieh.html
Ming-Yi Chang,Fu Jen Catholic University,"China, Taiwan",https://www.soci.fju.edu.tw/teacher_detail.php?id=526
Subhayan Mukerjee,National University of Singapore,Singapore,https://discovery.nus.edu.sg/19113-subhayan-mukerjee
Damon Centola,University of Pennsylvania,USA,https://www.asc.upenn.edu/people/faculty/damon-centola-phd
David Lazer,Northeastern University,USA,https://www.lazerlab.net/people/david-lazer
Emma Spiro,University of Washington,USA,https://emmaspiro.github.io/
Helen Margetts,University of Oxford,UK,https://www.oii.ox.ac.uk/people/profiles/helen-margetts/
Jon Kleinberg,Cornell University,USA,https://www.cs.cornell.edu/home/kleinber/
Sandra González-Bailón,University of Pennsylvania,USA,https://sandragonzalezbailon.net/
Bogdan Vasilescu,Carnegie Mellon University,USA,https://bvasiles.github.io/
Cuihua Shen,"University of California, Davis",USA,https://communication.ucdavis.edu/people/cuihua-shen
Ingmar Weber,Saarland University,Germany,https://ingmarweber.de/
Jeff Hancock,Stanford University,USA,https://sml.stanford.edu/people/jeff-hancock
Suzy Moat,University of Warwick,UK,https://www.wbs.ac.uk/about/person/suzy-moat/
Angelina Wang,Cornell University,USA,https://angelina-wang.github.io/
Clayton Childress,University of British Columbia,Canada,https://claytonchildress.weebly.com
Laura Nelson,University of British Columbia,Canada,https://www.lauraknelson.com/
Jiang Li,Nanjing University,"China, Mainland",https://im.nju.edu.cn/info/1099/33101.htm
Yunsong Chen,Nanjing University,"China, Mainland",https://sociology.nju.edu.cn/a6/b9/c58987a698041/page.htm
Yi Bu,Peking University,"China, Mainland",https://buyi08.wixsite.com/yi-bu
Dongbo Shi,Shanghai Jiao Tong University,"China, Mainland",https://www.shidongbo.com/%E4%B8%AD%E6%96%87
Tianguang Meng,Tsinghua University,"China, Mainland",https://www.sss.tsinghua.edu.cn/info/1461/8104.htm
Jar-Der Luo,Tsinghua University,"China, Mainland",https://www.soc.tsinghua.edu.cn/info/1231/2069.htm
Frédéric Godart,INSEAD,France,https://www.insead.edu/faculty-personal-site/frederic-godart
King-wa Fu,University of Hong Kong,"China, Hong Kong",https://sites.google.com/site/fukingwa/
Hai Liang,Chinese University of Hong Kong,"China, Hong Kong",https://drhailiang.com/
Tian Yang,Chinese University of Hong Kong,"China, Hong Kong",https://www.com.cuhk.edu.hk/people/yang-tian/
Scott Hale,University of Oxford,UK,https://www.oii.ox.ac.uk/people/profiles/scott-hale/
Xiaowen Dong,University of Oxford,UK,https://web.media.mit.edu/~xdong/
Mark Graham,University of Oxford,UK,https://www.oii.ox.ac.uk/people/profiles/mark-graham/
Bernie Hogan,University of Oxford,UK,https://www.oii.ox.ac.uk/people/profiles/bernie-hogan/
Jennifer Candipan,Brown University,USA,https://vivo.brown.edu/display/jcandipa
Han Zhang,Brown University,USA,https://hanzhang.xyz/
Haiyi Zhu,Carnegie Mellon University,USA,https://haiyizhu.com/
Aniket Kittur,Carnegie Mellon University,USA,https://kittur.org/
Naoki Egami,Massachusetts Institute of Technology,USA,https://naokiegami.com
Suresh Naidu,Columbia University,USA,https://sites.santafe.edu/~snaidu/
Peter Bearman,Columbia University,USA,https://sociology.columbia.edu/content/peter-bearman
James Moody,Duke University,USA,https://sociology.duke.edu/james-moody
Craig Rawlings,Duke University,USA,https://scholars.duke.edu/person/craig.rawlings
Lynn Smith-Lovin,Duke University,USA,https://scholars.duke.edu/person/smithlov
Weihua An,Emory University,USA,https://sociology.emory.edu/people/bios/An-Weihua.html
Munmun De Choudhury,Georgia Institute of Technology,USA,http://www.munmund.net/
Clio Andris,Georgia Institute of Technology,USA,https://planning.gatech.edu/people/clio-andris
Kosuke Imai,Harvard University,USA,https://imai.fas.harvard.edu
Joscha Legewie,Harvard University,USA,https://sociology.fas.harvard.edu/people/joscha-legewie
Ellis Monk,Harvard University,USA,https://www.ellismonk.com
Xiang Zhou,Harvard University,USA,https://sociology.fas.harvard.edu/people/xiang-zhou
Dean Eckles,Massachusetts Institute of Technology,USA,https://www.deaneckles.com/
David Rand,Cornell University,USA,https://davidrand-cooperation.com/
Andy Halterman,Michigan State University,USA,https://andrewhalterman.com
Cassie McMillan,Northeastern University,USA,https://www.cassiemcmillan.com/
Aaron Shaw,Northwestern University,USA,https://communication.northwestern.edu/faculty/aaron-shaw.html
Andrew Papachristos,Northwestern University,USA,https://sociology.northwestern.edu/people/faculty/core/andrew-v.--papachristos-.html
Oscar Stuhler,Northwestern University,USA,https://oscarstuhler.org/
Nick Diakopoulos,Northwestern University,USA,https://www.nickdiakopoulos.com/
Delia Baldassarri,New York University,USA,https://deliabaldassarri.org/
Bart Bonikowski,New York University,USA,https://wp.nyu.edu/bonikowski/
Paul DiMaggio,New York University,USA,https://as.nyu.edu/faculty/paul-dimaggio.html
Carly Knight,New York University,USA,https://carlyrknight.org/
BK Lee,New York University,USA,https://as.nyu.edu/faculty/bk-lee.html
Simone Zhang,New York University,USA,https://simonezhang.com
Dana Haynie,Ohio State University,USA,https://sociology.osu.edu/people/haynie.7
David Melamed,Ohio State University,USA,https://u.osu.edu/melamed9/
Bruce Desmarais,Pennsylvania State University,USA,https://brucedesmarais.com
Arthur Spirling,Princeton University,USA,https://arthurspirling.org
Brandon Stewart,Princeton University,USA,https://bstewart.scholar.princeton.edu/
Rocio Titiunik,Princeton University,USA,https://titiunik.scholar.princeton.edu
Matthew Salganik,Princeton University,USA,http://www.princeton.edu/~mjs3/
Jeremy Foote,Purdue University,USA,https://cla.purdue.edu/directory/profiles/jeremy-foote.html
Bryce Dietrich,Purdue University,USA,https://cla.purdue.edu/directory/profiles/bryce-dietrich.html
Alina Arseniev-Koehler,Purdue University,USA,https://cla.purdue.edu/directory/profiles/alina-arseniev-koehler.html
Thomas Davidson,"University of North Carolina, Chapel Hill",USA,https://www.thomasrdavidson.com/
Paul McLean,Rutgers University,USA,https://sociology.rutgers.edu/people/faculty/core-department-faculty/core-department-faculty-member/163-paul-mclean
Jennifer Pan,Stanford University,USA,https://jenpan.com
Johan Ugander,Yale University,USA,https://jugander.github.io/
Walter Powell,Stanford University,USA,https://woodypowell.com/
Amir Goldberg,Stanford University,USA,https://www.gsb.stanford.edu/faculty-research/faculty/amir-goldberg
Douglas Guilbeault,Stanford University,USA,https://www.gsb.stanford.edu/faculty-research/faculty/douglas-r-guilbeault
Justin Grimmer,Stanford University,USA,https://politicalscience.stanford.edu/people/justin-ryan-grimmer
Yiqing Xu,Stanford University,USA,https://yiqingxu.org/
Robb Willer,Stanford University,USA,https://sociology.stanford.edu/people/robb-willer
Yongjun Zhang,Stony Brook University,USA,https://yongjunzhang.com/
Jason Jeffrey Jones,Stony Brook University,USA,https://jasonjones.ninja/
Edo Airoldi,Temple University,USA,https://airoldi.github.io/
Charles Gomez,University of Arizona,USA,https://charliegomez.com/
David Bamman,"University of California, Berkeley",USA,https://people.ischool.berkeley.edu/~dbamman/
Solene Delecourt,"University of California, Berkeley",USA,https://sites.google.com/berkeley.edu/solenedelecourt/home
Sameer B. Srivastava,"University of California, Berkeley",USA,https://haas.berkeley.edu/faculty/srivastava-sameer/
Seth Frey,"University of California, Davis",USA,https://communication.ucdavis.edu/people/seth-frey
James Fowler,"University of California, San Diego",USA,https://polisci.ucsd.edu/people/faculty/faculty-directory/currently-active-faculty/fowler-profile.html
Molly Roberts,"University of California, San Diego",USA,https://margaretroberts.net/
Kevin Lewis,"University of California, San Diego",USA,https://www.kevinlewis-sociology.com/
Carter Butts,"University of California, Irvine",USA,https://engineering.uci.edu/users/carter-butts
Homa Hosseinmardi,"University of California, Los Angeles",USA,https://homahm.github.io/
Jungseock Joo,"University of California, Los Angeles",USA,https://www.jsjoo.com/
Zachary Steinert-Threlkeld,"University of California, Los Angeles",USA,https://luskin.ucla.edu/person/zachary-c-steinert-threlkeld
Michelle Torres,"University of California, Los Angeles",USA,https://polisci.ucla.edu/person/michelle-torres/
Jennie Brand,"University of California, Los Angeles",USA,https://www.profjenniebrand.com/
Jacob Foster,Indiana University Bloomington,USA,https://luddy.iu.edu/people/foster-jacob.html
Omar Lizardo,"University of California, Los Angeles",USA,https://olizardo.github.io/mysite/
Ka-Yuet Liu,Sungkyunkwan University,South Korea,https://sites.google.com/view/kayuet-liu
Ian Lundberg,"University of California, Los Angeles",USA,https://www.ianlundberg.org/
Luís M. A. Bettencourt,University of Chicago,USA,https://datascience.uchicago.edu/people/luis-m-a-bettencourt/
Aaron Schein,University of Chicago,USA,https://datascience.uchicago.edu/people/aaron-schein/
Joshua Jackson,University of Chicago,USA,https://datascience.uchicago.edu/people/joshua-conrad-jackson/
Yuan Chang Leong,University of Chicago,USA,https://datascience.uchicago.edu/people/yuan-chang-leong/
Molly Offer-Westort,University of Chicago,USA,https://mollyow.github.io
John Padgett,University of Chicago,USA,https://home.uchicago.edu/~jpadgett/
Anton Strezhnev,"University of Wisconsin, Madison",USA,https://www.antonstrezhnev.com
Bernard Koch,University of Chicago,USA,https://bernardjkoch.com/
Peng Huang,University of Georgia,USA,https://penghuang.me/
Yilang Peng,University of Georgia,USA,https://yilangpeng.com/
Stephen Borgatti,University of Kentucky,USA,https://sites.google.com/site/steveborgatti/home
Mark Pachucki,University of Massachusetts Amherst,USA,https://markpachucki.com
Anthony Paik,University of Massachusetts Amherst,USA,https://www.umass.edu/sociology/about/directory/anthony-paik
Qiaozhu Mei,University of Michigan,USA,https://public.websites.umich.edu/~qmei/
Jenna Bednar,University of Michigan,USA,https://lsa.umich.edu/polisci/people/faculty/jbednar.html
Christian Fong,University of Michigan,USA,https://lsa.umich.edu/polisci/people/faculty/christian-fong.html
Andrei Boutyline,University of Michigan,USA,https://lsa.umich.edu/soc/people/faculty/aboutyl.html
Elizabeth Bruch,University of Michigan,USA,https://lsa.umich.edu/soc/people/faculty/ebruch.html
Neal Caren,"University of North Carolina, Chapel Hill",USA,https://nealcaren.org/
Scott Duxbury,"University of North Carolina, Chapel Hill",USA,https://sites.google.com/view/scottduxbury/home
Daniel Tadmon,University of Notre Dame,USA,https://www.danieltadmon.com/
Yu-Ru Lin,University of Pittsburgh,USA,https://www.yurulin.com/
Emilio Ferrara,University of Southern California,USA,https://annenberg.usc.edu/faculty/emilio-ferrara
Ken-hou Lin,University of Texas at Austin,USA,https://www.kenhoulin.info/
Benjamin Mako Hill,University of Washington,USA,https://mako.cc
Zack Almquist,University of Washington,USA,https://zalmquist.github.io/publications/
Andrew Messamore,University of Washington,USA,https://soc.washington.edu/people/andrew-messamore
Dhavan Shah,"University of Wisconsin, Madison",USA,https://sjmc.wisc.edu/news/staff/dhavan-v-shah/
Sijia Yang,"University of Wisconsin, Madison",USA,https://sjmc.wisc.edu/news/staff/yang-sijia/
Alex Gates,University of Virginia,USA,https://datascience.virginia.edu/people/alex-gates
Christopher Lucas,Washington University in St. Louis,USA,https://christopherlucas.org/
Betsy Sinclair,Washington University in St. Louis,USA,https://sites.wustl.edu/betsysinclair/
Justin Farrell,Yale University,USA,https://justinfarrell.org/
Daniel Karell,Yale University,USA,https://www.danielkarell.com/
Aaron Roth,University of Pennsylvania,USA,https://www.cis.upenn.edu/~aaroth/
Abeba Birhane,Trinity College Dublin,Ireland,https://people.tcd.ie/Profile?Username=birhanea
Achim Edelmann,Sciences Po,France,https://medialab.sciencespo.fr/en/people/achim-edelmann/
Adam Bonica,Stanford University,USA,https://web.stanford.edu/~bonica/
Adam Kleinbaum,Dartmouth College,USA,https://faculty.tuck.dartmouth.edu/adam-kleinbaum/
Alan Mislove,Northeastern University,USA,https://mislove.org/
Alessandro Flammini,Indiana University Bloomington,USA,https://cnets.indiana.edu/aflammin/
Alessandro Vespignani,Northeastern University,USA,https://www.mobslab.org/
Alex Arenas,Universitat Rovira i Virgili,Spain,https://webs-deim.urv.cat/~alexandre.arenas
Alex Singleton,University of Liverpool,UK,https://www.alex-singleton.com/
Alexandra Siegel,University of Colorado Boulder,USA,https://aasiegel.github.io/website/website-main/
Amy Orben,University of Cambridge,UK,https://amyorben.com/
Amy Wesolowski,Johns Hopkins University,USA,https://www.iddynamics.jhsph.edu/amy-wesolowski
Amy X. Zhang,University of Washington,USA,https://homes.cs.washington.edu/~axz/
Andrea Baronchelli,"City St George's, University of London",UK,https://www.andreabaronchelli.com/
Andreas Jungherr,University of Bamberg,Germany,https://andreasjungherr.net/
Andres Monroy-Hernandez,Princeton University,USA,https://andresmh.com/
Andrew Guess,Princeton University,USA,https://andyguess.com/
Andrew Piper,McGill University,Canada,https://andrewpiper.ai/
Andrew Przybylski,University of Oxford,UK,https://www.andrewprzybylski.me/
Andrey Fradkin,Boston University,USA,https://www.andreyfradkin.com/
Anikó Hannák,University of Zurich,Switzerland,https://www.ifi.uzh.ch/en/scg/people/hannak.html
Anita Gohdes,Hertie School,Germany,https://www.anitagohdes.net/
Anjalie Field,Johns Hopkins University,USA,https://anjalief.github.io/
Anna Rogers,IT University of Copenhagen,Denmark,https://annargrs.github.io/
Annie Waldherr,University of Vienna,Austria,https://compcommlab.univie.ac.at/team/annie-waldherr/
Aristides Gionis,Royal Institute of Technology,Sweden,https://users.ics.aalto.fi/gionis/
Arvind Narayanan,Princeton University,USA,https://www.cs.princeton.edu/~arvindn/
Arvind Satyanarayan,Massachusetts Institute of Technology,USA,https://arvindsatya.com/
Ashesh Rambachan,Massachusetts Institute of Technology,USA,https://asheshrambachan.github.io/
Avi Goldfarb,University of Toronto,Canada,https://www.avigoldfarb.com/
Balazs Vedres,Central European University,Austria,https://people.ceu.edu/balazs_vedres
Barbara Mellers,University of Pennsylvania,USA,https://marketing.wharton.upenn.edu/profile/mellers/
Barbara Plank,Ludwig Maximilian University of Munich,Germany,https://bplank.github.io/
Baruch Barzel,Bar-Ilan University,Israel,https://www.barzellab.com/
Bas Hofstra,Radboud University,Netherlands,https://bashofstra.com/
Bo Cowgill,University of Toronto,Canada,https://sites.google.com/view/bocowgill/
Bo Zhao,University of Washington,USA,https://hgis.uw.edu/
Boleslaw Szymanski,Rensselaer Polytechnic Institute,USA,https://www.cs.rpi.edu/~szymansk/
Brendan Nyhan,Dartmouth College,USA,https://sites.dartmouth.edu/nyhan/
Brendan O'Connor,University of Massachusetts Amherst,USA,http://brenocon.com/
Briony Swire-Thompson,Northeastern University,USA,https://www.networkscienceinstitute.org/pomlab
Bryan Hooi,National University of Singapore,Singapore,https://bhooi.github.io/
Byron Wallace,Northeastern University,USA,https://www.byronwallace.com/
Carlo Ratti,Massachusetts Institute of Technology,USA,https://senseable.mit.edu/
Caroline Buckee,Harvard University,USA,https://www.hsph.harvard.edu/profile/caroline-buckee/
Cassidy Sugimoto,Carnegie Mellon University,USA,https://www.cmu.edu/dietrich/about/about-the-dean
Cassy Dorff,Vanderbilt University,USA,https://www.cassydorff.com/
Catherine Tucker,Massachusetts Institute of Technology,USA,https://mitmgmtfaculty.mit.edu/cetucker/
Chao Min,Nanjing University,"China, Mainland",https://min-chao.github.io/
Chaoming Song,University of Miami,USA,https://people.miami.edu/profile/f45d5b9d536437ac79b75f5344f6f605
Chaoqun Ni,"University of Wisconsin, Madison",USA,https://chaoqunni.github.io/
Chiara Farronato,Harvard University,USA,https://sites.google.com/site/chiarafarronato/
Chris Tausanovitch,"University of California, Los Angeles",USA,https://ctausanovitch.com/
Christian Sandvig,University of Michigan,USA,https://websites.umich.edu/~csandvig/
Christo Wilson,Northeastern University,USA,https://cbw.sh/
Christof Schoech,University of Trier,Germany,https://christof-schoech.de/
Christoph Engel,Max Planck Institute,Germany,https://www.econ.mpg.de/engel.html
Christoph Riedl,Northeastern University,USA,https://www.christophriedl.net/
Christopher Danforth,University of Vermont,USA,https://cdanfort.w3.uvm.edu/
Christopher Potts,Stanford University,USA,https://web.stanford.edu/~cgpotts/
Christopher Stanton,Harvard University,USA,https://www.hbs.edu/faculty/Pages/profile.aspx?facId=602452
Christos Faloutsos,Carnegie Mellon University,USA,https://www.cs.cmu.edu/~christos/
Ciro Cattuto,Institute for Scientific Interchange Foundation,Italy,http://www.cirocattuto.info/
Cody Buntain,University of Maryland,USA,https://cody.bunta.in/
Cynthia Dwork,Harvard University,USA,https://dwork.seas.harvard.edu/
César Hidalgo,Toulouse School of Economics,France,https://cesarhidalgo.com/
Danae Metaxa,University of Pennsylvania,USA,https://metaxa.net/
Danai Koutra,University of Michigan,USA,https://gemslab.github.io/
Daniel Acuña,University of Colorado Boulder,USA,https://acuna.io/
Daniel Arribas-Bel,University of Liverpool,UK,https://me.darribas.org/
Daniel E. Ho,Stanford University,USA,https://dho.stanford.edu/
Daniel Larremore,University of Colorado Boulder,USA,https://larremorelab.github.io/dan/
Daniel Martin Katz,Illinois Institute of Technology,USA,https://www.danielmartinkatz.com/
Daniel Rock,University of Pennsylvania,USA,https://oid.wharton.upenn.edu/profile/rockdi/
Daniel Silver,University of Toronto,Canada,https://www.utsc.utoronto.ca/sociology/daniel-silver
Danielle Li,Massachusetts Institute of Technology,USA,https://danielle.li/
David Garcia,University of Konstanz,Germany,https://dgarcia.eu/
Deen Freelon,University of Pennsylvania,USA,http://dfreelon.org/
Desmond Upton Patton,University of Pennsylvania,USA,https://www.desmondpatton.com/
Devin Caughey,Massachusetts Institute of Technology,USA,https://devincaughey.github.io/
Diana Hicks,Georgia Institute of Technology,USA,https://spp.gatech.edu/people/person/dbb346b6-93b4-5c11-84be-bc70fa8547dd
Dirk Hovy,Bocconi University,Italy,https://www.dirkhovy.com/
Dmitri Krioukov,Northeastern University,USA,https://www.dk-lab.net/
Dominik Hangartner,Eidgenössische Technische Hochschule Zürich,Switzerland,https://pp.ethz.ch/people/dominik-hangartner.html
Ed Manley,University of Leeds,UK,https://mobscilab.com/
Elaine Nsoesie,Boston University,USA,https://www.bu.edu/sph/profile/elaine-nsoesie/
Elena Glassman,Harvard University,USA,https://glassmanlab.seas.harvard.edu/
Elliott Ash,Eidgenössische Technische Hochschule Zürich,Switzerland,https://elliottash.com/
Elsa Arcaute,University College London,UK,https://profiles.ucl.ac.uk/31566-elsa-arcaute
Emilio J. Castilla,Massachusetts Institute of Technology,USA,https://mitmgmtfaculty.mit.edu/ecastill/
Emilio Zagheni,Max Planck Institute,Germany,http://www.zagheni.net/
Emma Pierson,"University of California, Berkeley",USA,https://people.eecs.berkeley.edu/~emmapierson/
Emmanouil Tranos,University of Bristol,UK,https://etranos.info/
Erica Chenoweth,Harvard University,USA,https://www.ericachenoweth.com/
Erik Brynjolfsson,Stanford University,USA,https://www.brynjolfsson.com/
Eshwar Chandrasekharan,University of Illinois Urbana-Champaign,USA,http://www.eshwarchandrasekharan.com/
Fabiana Zollo,Ca' Foscari University of Venice,Italy,https://www.unive.it/persone/fabiana.zollo
Fabrizio Gilardi,University of Zurich,Switzerland,https://fabriziogilardi.org/
Federico Battiston,Central European University,Austria,https://research.ceu.edu/en/persons/federico-battiston
Fernanda Viegas,Harvard University,USA,https://insight.seas.harvard.edu/
Fiery Cushman,Harvard University,USA,https://cushmanlab.fas.harvard.edu/
Filippo Menczer,Indiana University Bloomington,USA,https://cnets.indiana.edu/fil/
Filippo Radicchi,Indiana University Bloomington,USA,https://homes.luddy.indiana.edu/filiradi/
Flaminio Squazzoni,University of Milan,Italy,https://behavelab.org/flaminio-squazzoni/
Frank Nagle,Massachusetts Institute of Technology,USA,https://ide.mit.edu/people/frank-nagle/
Gabriel Kreindler,Harvard University,USA,https://sites.google.com/site/gabrielkreindler/
Gabriel Stanovsky,Hebrew University of Jerusalem,Israel,https://gabrielstanovsky.github.io/
Gabriella Harari,Stanford University,USA,https://maplab.stanford.edu/
Gaétan de Rassenfosse,École Polytechnique Fédérale de Lausanne,Switzerland,https://people.epfl.ch/gaetan.derassenfosse?lang=en
Gianluca Stringhini,Boston University,USA,https://seclab.bu.edu/people/gianluca/
Ginestra Bianconi,Queen Mary University of London,UK,https://webspace.maths.qmul.ac.uk/g.bianconi/
Giovanni Luca Ciampaglia,University of Maryland,USA,https://glciampaglia.com/
Gordon Pennycook,Cornell University,USA,https://gordonpennycook.com/
Gourab Ghoshal,University of Rochester,USA,https://gghoshal.pas.rochester.edu/
Graham Neubig,Carnegie Mellon University,USA,https://phontron.com/
Gregory Eady,University of Copenhagen,Denmark,http://gregoryeady.com/
Guido Imbens,Stanford University,USA,https://www.gsb.stanford.edu/faculty-research/faculty/guido-w-imbens
Haewoon Kwak,Indiana University Bloomington,USA,https://haewoon.github.io/
Hanghang Tong,University of Illinois Urbana-Champaign,USA,http://tonghanghang.org/
Hawoong Jeong,Korea Advanced Institute of Science and Technology,South Korea,https://scholar.google.com/citations?user=-Jhj6swAAAAJ&hl=en
Hoda Heidari,Carnegie Mellon University,USA,https://www.cs.cmu.edu/~hheidari/
Hoyt Long,University of Chicago,USA,https://artshumanities.uchicago.edu/directory/hoyt-long
Huan Liu,Arizona State University,USA,https://faculty.engineering.asu.edu/huanliu/
Hyejin Youn,Seoul National University,South Korea,http://hyoun.me/
In Song Kim,Massachusetts Institute of Technology,USA,https://web.mit.edu/insong/www/
Ismael Rafols,Leiden University,Netherlands,https://www.cwts.nl/people/ismael-rafols
Jacob Shapiro,Princeton University,USA,https://jns.scholar.princeton.edu
Jaehyuk Park,Korea Development Institute School of Public Policy and Management,South Korea,https://parkjaehyuk.com/
Jaime Settle,College of William & Mary,USA,https://www.jaimesettle.com/
James Landay,Stanford University,USA,https://www.landay.org/
Jan Lorenz,Constructor University Bremen,Germany,https://janlo.de/wp/
Jann Spiess,Stanford University,USA,https://gsb-faculty.stanford.edu/jann-spiess/
Jari Saramäki,Aalto University,Finland,https://jarisaramaki.fi/
Jason Owen-Smith,University of Michigan,USA,https://public.websites.umich.edu/~jdos/
Jay Van Bavel,New York University,USA,https://www.jayvanbavel.com/
Jean-Gabriel Young,University of Vermont,USA,https://jgyoung.ca/
Jeffrey Heer,University of Washington,USA,https://homes.cs.washington.edu/~jheer/
Jeffrey P. Bigham,Carnegie Mellon University,USA,https://www.cs.cmu.edu/~jbigham/
Jeffrey Shaman,Columbia University,USA,https://www.publichealth.columbia.edu/profile/jeffrey-shaman-phd
Jennifer Larson,Vanderbilt University,USA,https://www.jmlarson.com/
Jennifer Stromer-Galley,Syracuse University,USA,https://ischool.syracuse.edu/jennifer-stromer-galley/
Jens Frankenreiter,Washington University in St. Louis,USA,https://www.jensfrankenreiter.com/
Jens Ludwig,University of Chicago,USA,https://voices.uchicago.edu/jensludwig/
Jeremy Blackburn,Binghamton University,USA,https://mrjimmyblack.com/jeremy.html
Jessica Hullman,Northwestern University,USA,http://users.eecs.northwestern.edu/~jhullman/
Jian Pei,Duke University,USA,https://sites.google.com/view/jpei/jian-peis-homepage
Jian Wang,Leiden University,Netherlands,https://www.universiteitleiden.nl/en/staffmembers/jian-wang
Jianxi Gao,Rensselaer Polytechnic Institute,USA,https://www.gaojianxi.com/
Jiawei Han,University of Illinois Urbana-Champaign,USA,http://hanj.cs.illinois.edu/
Jieun Shin,University of Florida,USA,https://www.jou.ufl.edu/staff/jieun-shin/
Jieyu Zhao,University of Southern California,USA,https://jieyuz.net/
Jiliang Tang,Michigan State University,USA,https://www.cse.msu.edu/~tangjili/
Jinhyuk Yun,Soongsil University,South Korea,https://bluekura.github.io/
Jisun An,Indiana University Bloomington,USA,https://jisun.me/
Jo Guldi,Emory University,USA,https://www.joguldi.com/
Johannes Eichstaedt,Stanford University,USA,https://jeichstaedt.com/
John Brownstein,Harvard University,USA,https://www.compepi.org/
John Horton,Massachusetts Institute of Technology,USA,https://john-joseph-horton.com/
Jon Zelner,University of Michigan,USA,https://epibayes.io/
Jonathan Mummolo,Princeton University,USA,https://jmummolo.scholar.princeton.edu/
Jonathan Nagler,New York University,USA,https://csmapnyu.org/people/jonathan-nagler
Joseph Konstan,University of Minnesota,USA,https://konstan.umn.edu/
Joseph Seering,Korea Advanced Institute of Science and Technology,South Korea,https://joseph.seering.org/
Joshua Becker,University College London,UK,https://www.mgmt.ucl.ac.uk/people/joshuabecker
Judith Moller,Leibniz Institute for Media Research | Hans-Bredow-Institut,Germany,https://leibniz-hbi.de/en/employee/judith-moeller/
Juhi Kulshrestha,Aalto University,Finland,https://css.aalto.fi/people/juhi/
Juho Kim,Korea Advanced Institute of Science and Technology,South Korea,https://juhokim.com/
Julia Lane,New York University,USA,https://julialane.org/
Julia Stoyanovich,New York University,USA,https://stoyanovich.org/
Julian McAuley,"University of California, San Diego",USA,https://cseweb.ucsd.edu/~jmcauley/
Julian Nyarko,Stanford University,USA,https://juliannyarko.com/
Jundong Li,University of Virginia,USA,https://jundongli.github.io/
Junyi Jessy Li,University of Texas at Austin,USA,https://jessyli.com/
Kai Shu,Emory University,USA,https://www.cs.emory.edu/~kshu5/
Kai-Wei Chang,"University of California, Los Angeles",USA,https://web.cs.ucla.edu/~kwchang/
Karrie Karahalios,University of Illinois Urbana-Champaign,USA,https://social.cs.illinois.edu/
Karsten Donnay,University of Zurich,Switzerland,https://www.karstendonnay.net/
Kartik Hosanagar,University of Pennsylvania,USA,https://www.hosanagar.com/
Kasper Welbers,Vrije Universiteit Amsterdam,Netherlands,https://research.vu.nl/en/persons/kasper-welbers
Kate Starbird,University of Washington,USA,https://faculty.washington.edu/kstarbi/
Katharina Reinecke,University of Washington,USA,https://homes.cs.washington.edu/~reinecke/
Katherine Keith,Williams College,USA,https://kakeith.github.io/
Katherine Ognyanova,Rutgers University,USA,https://kateto.net/
Kenneth Holstein,École Polytechnique Fédérale de Lausanne,Switzerland,https://www.thecoalalab.com/kenholstein
Kevin Munger,European University Institute,Italy,https://kmunger.github.io/
Kevin Quinn,Emory University,USA,https://law.emory.edu/faculty/faculty-profiles/quinn-kevin-profile.html
Kiran Garimella,Rutgers University,USA,https://gvrkiran.github.io/
Koustuv Saha,University of Illinois Urbana-Champaign,USA,https://www.koustuv.com/
Krishna Gummadi,Max Planck Institute,Germany,https://people.mpi-sws.org/~gummadi/
Krzysztof Gajos,Harvard University,USA,https://kgajos.seas.harvard.edu/
Krzysztof Janowicz,University of Vienna,Austria,https://kjano.github.io/
Laura Alessandretti,Technical University of Denmark,Denmark,http://laura.alessandretti.com/
Lauren Ancel Meyers,University of Texas at Austin,USA,http://www.bio.utexas.edu/research/meyers/
Lauren F. Klein,Emory University,USA,https://lklein.com/
Lauren Tilton,University of Richmond,USA,https://laurentilton.com/
Laurent Hébert-Dufresne,University of Vermont,USA,https://laurenthebertdufresne.github.io/
Lee Fleming,"University of California, Berkeley",USA,https://ieor.berkeley.edu/people/lee-fleming/
Leman Akoglu,Carnegie Mellon University,USA,https://www.andrew.cmu.edu/user/lakoglu/
Linyuan Lü,University of Science and Technology of China,"China, Mainland",https://faculty.ustc.edu.cn/lvlinyuan/en/index.htm
Liran Einav,Stanford University,USA,https://leinav.people.stanford.edu/
Loren Terveen,University of Minnesota,USA,https://lorenterveen.com/
Lu Wang,University of Michigan,USA,https://web.eecs.umich.edu/~wangluxy/
Luís A. Nunes Amaral,Northwestern University,USA,https://amaral.northwestern.edu/
Lyle Ungar,University of Pennsylvania,USA,https://www.cis.upenn.edu/~ungar/
Lynn Wu,University of Pennsylvania,USA,https://oid.wharton.upenn.edu/profile/wulynn/
Maarten Sap,Carnegie Mellon University,USA,https://maartensap.com/
Maciej Eder,"Institute of Polish Language, Polish Academy of Sciences",Poland,https://maciejeder.org/
Magdalena Wojcieszak,"University of California, Davis",USA,https://communication.ucdavis.edu/people/magdalena-wojcieszak
Manish Raghavan,Massachusetts Institute of Technology,USA,https://mraghavan.github.io/
Manlio De Domenico,University of Padova,Italy,https://manliodedomenico.com/
Manuel Cebrian,Spanish National Research Council,Spain,https://sites.google.com/view/manuelcebrian
Manuel Gomez-Rodriguez,Max Planck Institute,Germany,https://people.mpi-sws.org/~manuelgr/
Marcel Salathe,École Polytechnique Fédérale de Lausanne,Switzerland,https://www.digitalepidemiologylab.org/
Mark Algee-Hewitt,Stanford University,USA,https://profiles.stanford.edu/mark-algee-hewitt
Mark Boukes,University of Amsterdam,Netherlands,https://markboukes.wordpress.com/
Mark Dredze,Johns Hopkins University,USA,https://scholar.google.com/citations?user=7jNkTbYAAAAJ&hl=en
Mark Newman,University of Michigan,USA,https://public.websites.umich.edu/~mejn/
Marta González,"University of California, Berkeley",USA,https://humnetlab.berkeley.edu/
Martin Wattenberg,Harvard University,USA,https://www.bewitched.com/
Mason Porter,"University of California, Los Angeles",USA,https://www.math.ucla.edu/~mason/
Mathijs de Vaan,"University of California, Berkeley",USA,https://mathijsdv.com/
Mauricio Santillana,Northeastern University,USA,https://www.mighte.org/
Meeyoung Cha,Korea Advanced Institute of Science and Technology,South Korea,https://www.mpi-sp.org/cha
Mei-Po Kwan,Chinese University of Hong Kong,"China, Hong Kong",http://www.meipokwan.org/
Melvin Wevers,University of Amsterdam,Netherlands,https://www.melvinwevers.nl/
Michael Batty,University College London,UK,http://www.complexcity.info/
Michael Bernstein,Stanford University,USA,https://hci.stanford.edu/msb/
Michael C. Frank,Stanford University,USA,https://web.stanford.edu/~mcfrank/
Michael Kearns,University of Pennsylvania,USA,https://www.cis.upenn.edu/~mkearns/
Michael Livermore,University of Virginia,USA,https://michaellivermore.com/
Michael Luca,Johns Hopkins University,USA,https://carey.jhu.edu/faculty/faculty-directory/michael-luca-phd
Michael Park,INSEAD,France,https://www.insead.edu/faculty/michael-park
Michael Szell,IT University of Copenhagen,Denmark,https://michael.szell.net/
Michal Kosinski,Stanford University,USA,https://www.michalkosinski.com/
Michele Coscia,IT University of Copenhagen,Denmark,https://www.michelecoscia.com/
Michele Tizzoni,University of Trento,Italy,https://micheletizzoni.github.io/
Mike Kestemont,University of Antwerp,Belgium,https://mikekestemont.github.io/
Ming D. Leung,"University of California, Irvine",USA,https://merage.uci.edu/research-faculty/faculty-directory/ming-leung.html
Mirta Galesic,Complexity Science Hub Vienna,Austria,https://sites.google.com/site/mirtagalesic/
Molly Crockett,Princeton University,USA,https://www.crockettlab.org/
Molly King,Santa Clara University,USA,https://www.mollymking.com/
Moritz Hardt,Max Planck Institute,Germany,https://mrtz.org/
Moritz Kraemer,University of Oxford,UK,https://kraemerlab.com/
Motahhare Eslami,Carnegie Mellon University,USA,https://www.motahhare.com/
Mykola Makhortykh,University of Bern,Switzerland,https://www.mykolamakhortykh.ch/
Márton Karsai,Central European University,Austria,https://www.martonkarsai.com/publications
Nada Hashmi,Babson College,USA,https://nadahashmi.com/
Natalie Jomini Stroud,University of Texas at Austin,USA,https://moody.utexas.edu/faculty/natalie-jomini-stroud
Neil Ketchley,University of Oxford,UK,https://www.politics.ox.ac.uk/person/neil-ketchley
Nicholas Beauchamp,Northeastern University,USA,https://www.nickbeauchamp.com/
Nicholas Reich,University of Massachusetts Amherst,USA,https://reichlab.io/
Nicholas Vincent,Simon Fraser University,Canada,https://www.nickmvincent.com/
Nick Malleson,University of Leeds,UK,https://www.nickmalleson.co.uk/
Nicola Perra,Queen Mary University of London,UK,https://www.nicolaperra.com/
Nikhil Agarwal,Massachusetts Institute of Technology,USA,https://economics.mit.edu/people/faculty/nikhil-agarwal
Nils Weidmann,University of Konstanz,Germany,https://www.polver.uni-konstanz.de/cnc/people/weidmann/
Nir Grinberg,Ben-Gurion University of the Negev,Israel,https://nirg.net/
Nitesh Chawla,University of Notre Dame,USA,https://niteshchawla.nd.edu/
Noah A. Smith,University of Washington,USA,https://nasmith.github.io/
Nolan McCarty,Princeton University,USA,https://www.princeton.edu/~nmccarty/
Onur Varol,Sabancı University,Turkey,https://www.onurvarol.com/
Paolo Santi,Massachusetts Institute of Technology,USA,https://webhost.services.iit.cnr.it/staff/paolo.santi/
Peng Cui,Tsinghua University,"China, Mainland",http://pengcui.thumedialab.com/
Peter Sheridan Dodds,University of Vermont,USA,https://pdodds.w3.uvm.edu/
Petter Holme,Aalto University,Finland,https://petterhol.me/
Philip Resnik,University of Maryland,USA,https://psresnik.github.io/
Philip S. Yu,University of Illinois Chicago,USA,https://cs.uic.edu/profiles/philip-yu/
Philip Tetlock,University of Pennsylvania,USA,https://psychology.sas.upenn.edu/people/philip-tetlock
Philippe Mongeon,Dalhousie University,Canada,https://www.dal.ca/faculty/management/faculty-staff/our-faculty/philippe-mongeon.html
Prasanna Tambe,University of Pennsylvania,USA,https://tambep.github.io/
Prithwiraj Choudhury,London School of Economics and Political Science,UK,https://prithwirajchoudhury.com/
Rachel Franklin,Harvard University,USA,https://www.rachelfranklin.org/
Rada Mihalcea,University of Michigan,USA,https://web.eecs.umich.edu/~mihalcea/
Ramesh Johari,Stanford University,USA,https://web.stanford.edu/~rjohari/
Ranjay Krishna,University of Washington,USA,https://www.ranjaykrishna.com/
Rebekah Tromble,Northeastern University,USA,https://www.khoury.northeastern.edu/people/rebekah-tromble/
Rediet Abebe,European Laboratory for Learning and Intelligent Systems Institute Tübingen,Germany,https://institute-tue.ellis.eu/person/9998196
Reinhilde Veugelers,Katholieke Universiteit Leuven,Belgium,https://www.kuleuven.be/wieiswie/en/person/00005697
Rembrand Koning,Harvard University,USA,https://aiinstitute.hbs.edu/our-team/rem-koning/
Renaud Lambiotte,University of Oxford,UK,https://www.maths.ox.ac.uk/people/renaud.lambiotte
Rex Ying,Yale University,USA,https://www.cs.yale.edu/homes/ying-rex/
Riccardo Di Clemente,Northeastern University London,UK,https://www.riccardodiclemente.com/
Richard Jean So,Duke University,USA,https://richardjeanso.github.io/
Robb Rutledge,Yale University,USA,https://rutledgelab.org/
Robert Goldstone,Indiana University Bloomington,USA,https://pc.cogs.indiana.edu/
Robert Kraut,Carnegie Mellon University,USA,http://kraut.hciresearch.info/
Robert West,École Polytechnique Fédérale de Lausanne,Switzerland,https://dlab.epfl.ch/people/west/
Rodrigo Costas,Leiden University,Netherlands,https://www.universiteitleiden.nl/en/staffmembers/rodrigo-costas-comesana
Roni Rosenfeld,Carnegie Mellon University,USA,https://www.ml.cmu.edu/people/bio/roni-rosenfeld/
Rumi Chunara,New York University,USA,https://wp.nyu.edu/chunaralab/
Russell Funk,University of Minnesota,USA,https://www.russellfunk.org/
Ryan Light,University of Oregon,USA,https://ryanlight.netlify.app/
Saiph Savage,Northeastern University,USA,https://www.saiph.org/
Samuel Scarpino,Northeastern University,USA,https://scarpino.github.io/
Sander van der Linden,University of Cambridge,UK,https://www.sdmlab.psychol.cam.ac.uk/staff/prof-sander-van-der-linden
Sandra Matz,Columbia University,USA,https://sandramatz.com/
Satyam Mukherjee,Shiv Nadar University,India,https://sites.google.com/site/satyammukherjee/home
Savvas Zannettou,Delft University of Technology,Netherlands,https://zsavvas.github.io/
Sean Westwood,Dartmouth College,USA,https://polarizationresearchlab.org/sean-j-westwood/
Sen Pei,Columbia University,USA,https://senpei-cu.github.io/
Sendhil Mullainathan,Massachusetts Institute of Technology,USA,https://sendhil.org/
Shagun Jhaver,Rutgers University,USA,https://shagunjhaver.com/
Shanto Iyengar,Stanford University,USA,https://profiles.stanford.edu/shanto-iyengar
Sharad Goel,Harvard University,USA,https://5harad.com/
Sherry Tongshuang Wu,Carnegie Mellon University,USA,https://www.cs.cmu.edu/~sherryw/
Shweta Bansal,Georgetown University,USA,https://www.bansallab.com/
Slava Jankin,University of Birmingham,UK,https://sjankin.com/
Smaranda Muresan,"Barnard College, Columbia University",USA,https://www.barnard.edu/profiles/smaranda-muresan
Song Gao,"University of Wisconsin, Madison",USA,https://geography.wisc.edu/geods/
Sorelle Friedler,Haverford College,USA,https://sorelle.friedler.net/
Sotaro Shibayama,University of Tokyo,Japan,https://sotaroshibayama.weebly.com/
Srijan Kumar,Georgia Institute of Technology,USA,https://faculty.cc.gatech.edu/~srijan/
Stevie Chancellor,University of Minnesota,USA,https://www.steviechancellor.com/
Suhang Wang,Pennsylvania State University,USA,https://faculty.ist.psu.edu/szw494/
Sune Lehmann,Technical University of Denmark,Denmark,https://sunelehmann.com/
Suresh Venkatasubramanian,Brown University,USA,https://users.cs.utah.edu/~suresh/
Susan Athey,Stanford University,USA,https://sites.google.com/stanford.edu/susan-athey
Sven-Oliver Proksch,University of Cologne,Germany,https://www.svenoliverproksch.com/
Swabha Swayamdipta,University of Southern California,USA,https://swabhs.com/
Takahiro Yabe,New York University,USA,https://www.takayabe.net/
Tanushree Mitra,University of Washington,USA,https://faculty.washington.edu/tmitra/
Tao Jia,Chongqing Normal University,"China, Mainland",https://www.cqnu.edu.cn/info/1217/21923.htm
Tao Zhou,University of Electronic Science and Technology of China,"China, Mainland",http://faculty.uestc.edu.cn/zhoutao1/zh_CN/index.htm
Taylor Arnold,University of Richmond,USA,https://taylorarnold.org/
Thomas Griffiths,Princeton University,USA,https://cocosci.princeton.edu/tom/index.php
Tiago Peixoto,Goethe University Frankfurt,Germany,https://skewed.de/tiago
Tim Althoff,University of Washington,USA,https://homes.cs.washington.edu/~althoff/
Tina Eliassi-Rad,Northeastern University,USA,http://eliassi.org/
Toby Jia-Jun Li,University of Notre Dame,USA,https://toby.li/
Vincent Larivière,Université de Montréal,Canada,https://ebsi.umontreal.ca/repertoire-ecole/vue/lariviere-vincent/
Vito Latora,Queen Mary University of London,UK,https://webspace.maths.qmul.ac.uk/v.latora/
Vittoria Colizza,Sorbonne University,France,https://www.epicx-lab.com/vittoria-colizza.html
Walter Quattrociocchi,Sapienza University of Rome,Italy,https://walterquattrociocchi.site.uniroma1.it/
Wei Xu,Georgia Institute of Technology,USA,https://cocoxu.github.io/
Wenwen Li,Arizona State University,USA,https://cici.lab.asu.edu/
Woo-Sung Jung,Pohang University of Science and Technology,South Korea,https://sites.google.com/view/woosungjung/
Wouter van Atteveldt,Vrije Universiteit Amsterdam,Netherlands,https://vanatteveldt.com/
Xiangnan He,University of Science and Technology of China,"China, Mainland",https://hexiangnan.github.io/
Xiao Huang,Emory University,USA,https://www.xiaohuang116.com/
Xiaojuan Ma,Hong Kong University of Science and Technology,"China, Hong Kong",https://www.cse.ust.hk/~mxj/
Yamir Moreno,University of Zaragoza,Spain,https://cosnet.bifi.es/people/yamir-moreno/
Yanfang Ye,University of Notre Dame,USA,http://yes-lab.org/
Yifang Ma,Southern University of Science and Technology,"China, Mainland",https://stat-ds.sustech.edu.cn/teacher/MAYifang?lang=en-us
Ying Ding,University of Texas at Austin,USA,https://yingding.ischool.utexas.edu/
Yizhou Sun,"University of California, Los Angeles",USA,https://web.cs.ucla.edu/~yzsun/
Yong Li,Tsinghua University,"China, Mainland",https://fi.ee.tsinghua.edu.cn/~liyong/
Yphtach Lelkes,University of Pennsylvania,USA,https://www.ylelkes.com/
Yulia Tsvetkov,University of Washington,USA,https://homes.cs.washington.edu/~yuliats/
Yuxiao Dong,Tsinghua University,"China, Mainland",https://keg.cs.tsinghua.edu.cn/yuxiao/
Ziad Obermeyer,"University of California, Berkeley",USA,https://www.ziadobermeyer.com/
Carlos Castillo,Universitat Pompeu Fabra,Spain,https://scholar.google.com/citations?user=D4NJsXEIh1cJ&hl=en
Salvatore Ruggieri,University of Pisa,Italy,
Dino Pedreschi,University of Pisa,Italy,https://scholar.google.com/citations?user=5efz6osAAAAJ&hl=en
Toon Calders,University of Antwerp,Belgium,
Claudia Wagner,Rheinisch-Westfälische Technische Hochschule Aachen,Germany,https://scholar.google.com/citations?user=R5-PPJQAAAAJ&hl=en
Markus Strohmaier,University of Mannheim,Germany,https://scholar.google.com/citations?user=j_pL_PQAAAAJ&hl=en
Asia J. Biega,Max Planck Institute,Germany,
Petter Törnberg,University of Amsterdam,Netherlands,https://scholar.google.com/citations?user=KuJMuvIAAAAJ&hl=en
Matteo Cinelli,Sapienza University of Rome,Italy,
Debora Nozza,Bocconi University,Italy,
Vedran Sekara,IT University of Copenhagen,Denmark,https://scholar.google.com/citations?user=u_dmO4UAAAAJ&hl=en
Berk Ustun,"University of California, San Diego",USA,
Kristen Vaccaro,"University of California, San Diego",USA,
Ashique KhudaBukhsh,Rochester Institute of Technology,USA,
Sanmay Das,Virginia Polytechnic Institute and State University,USA,https://scholar.google.com/citations?user=HRSDO6IAAAAJ&hl=en
Kristian Lum,University of Chicago,USA,https://scholar.google.com/citations?user=nfLC9S0AAAAJ&hl=en
Tyler Derr,Vanderbilt University,USA,https://scholar.google.com/citations?user=et6IhFcAAAAJ&hl=en
Arlei Silva,Rice University,USA,
Yao Ma,Rensselaer Polytechnic Institute,USA,
Wei Jin,Emory University,USA,https://scholar.google.com/citations?user=eWow24EAAAAJ&hl=en
Yushun Dong,Florida State University,USA,
Sourav Medya,University of Illinois Chicago,USA,
Sadamori Kojaku,Binghamton University,USA,
Elena Zheleva,University of Illinois Chicago,USA,
Ingo Scholtes,Julius-Maximilians-Universität Würzburg,Germany,https://scholar.google.com/citations?user=pouriVsAAAAJ&hl=en
Caterina De Bacco,Delft University of Technology,Netherlands,
Leto Peel,Maastricht University,Netherlands,
Stefan Neumann,Technische Universität Wien,Austria,
Fragkiskos D. Malliaros,"CentraleSupélec, Université Paris-Saclay",France,
Alec Kirkley,University of Hong Kong,"China, Hong Kong",
Jian Kang,Mohamed bin Zayed University of Artificial Intelligence,United Arab Emirates,
Kijung Shin,Korea Advanced Institute of Science and Technology,South Korea,
Talal Rahwan,New York University Abu Dhabi,United Arab Emirates,
Daniel R. Figueiredo,Universidade Federal do Rio de Janeiro,Brazil,
Luca Luceri,University of Southern California,USA,
Geoff Boeing,University of Southern California,USA,https://scholar.google.com/citations?user=xaKBPQQAAAAJ&hl=en
Vanessa Frías-Martínez,University of Maryland,USA,
Constantine E. Kontokosta,New York University,USA,
Andrew Crooks,University at Buffalo,USA,https://scholar.google.com/citations?user=RDQF0ScAAAAJ&hl=en
Elizabeth Roberto,Rice University,USA,
Jackelyn Hwang,Stanford University,USA,
Yingjie Hu,University at Buffalo,USA,
Jon Reades,University College London,UK,
Neave O'Clery,University College London,UK,https://scholar.google.com/citations?user=jbp5RxcAAAAJ&hl=en
Carmen Cabrera-Arnau,University of Liverpool,UK,
Alison Heppenstall,University of Glasgow,UK,https://scholar.google.com/citations?user=loMLORsAAAAJ&hl=en
Kevin Credit,Maynooth University,Ireland,
Marcos Oliveira,Vrije Universiteit Amsterdam,Netherlands,
Ate Poorthuis,Katholieke Universiteit Leuven,Belgium,
Rafael Prieto-Curiel,Complexity Science Hub Vienna,Austria,
Rossano Schifanella,University of Turin,Italy,
Ying Long,Tsinghua University,"China, Mainland",
Yu Liu,Peking University,"China, Mainland",
Somwrita Sarkar,University of Sydney,Australia,https://scholar.google.com/citations?user=hAsRvWsAAAAJ&hl=en
Eduardo Graells-Garrido,Universidad de Chile,Chile,https://scholar.google.com/citations?user=ltsTTI4AAAAJ&hl=en
Yiling Chen,Harvard University,USA,
Panos Ipeirotis,New York University,USA,https://scholar.google.com/citations?user=PA9La6oAAAAJ&hl=en
Matthew Lease,University of Texas at Austin,USA,
Chien-Ju Ho,Washington University in St. Louis,USA,
Ming Yin,Purdue University,USA,
Kurt Luther,Virginia Polytechnic Institute and State University,USA,
Ujwal Gadiraju,Delft University of Technology,Netherlands,
Gianluca Demartini,University of Queensland,Australia,https://scholar.google.com/citations?user=PCAiILsAAAAJ&hl=en
Djellel Difallah,New York University Abu Dhabi,United Arab Emirates,
Ralf Kurvers,Max Planck Institute,Germany,
Stefan M. Herzog,Max Planck Institute,Germany,
Charley Wu,Technical University of Darmstadt,Germany,
Young Ji Kim,"University of California, Santa Barbara",USA,
Diego Gómez-Zará,University of Notre Dame,USA,
Christoph Stadtfeld,Eidgenössische Technische Hochschule Zürich,Switzerland,https://scholar.google.com/citations?user=JS5yQFoAAAAJ&hl=en
Per Block,University of Zurich,Switzerland,
Viviana Amati,University of Milano-Bicocca,Italy,
Nynke Niezink,Carnegie Mellon University,USA,
Pavel Krivitsky,University of New South Wales Sydney,Australia,
Michael Schweinberger,Pennsylvania State University,USA,
Zsófia Boda,University of Essex,UK,
Ulrik Brandes,Eidgenössische Technische Hochschule Zürich,Switzerland,
Alexandre Bovet,University of Zurich,Switzerland,
Javier Garcia-Bernardo,Utrecht University,Netherlands,
Michał Bojanowski,Kozminski University,Poland,
Alejandro Espinosa-Rada,Pontifical Catholic University of Chile,Chile,
Mark Wittek,Central European University,Austria,
Johannes Wachs,Corvinus University of Budapest,Hungary,https://scholar.google.com/citations?user=PY3YH2kAAAAJ&hl=en
Gerardo Iñiguez,Tampere University,Finland,
Elisa Omodei,Central European University,Austria,
Balázs Lengyel,Corvinus University of Budapest,Hungary,https://scholar.google.com/citations?user=8dIF2-4AAAAJ&hl=en
Hang-Hyun Jo,The Catholic University of Korea,South Korea,
Yukie Sano,University of Tsukuba,Japan,
Thomas W. Valente,University of Southern California,USA,
Frank Neffke,Interdisciplinary Transformation University Austria,Austria,
Claudio J. Tessone,University of Zurich,Switzerland,https://scholar.google.com/citations?user=RAGOVXgAAAAJ&hl=en
Aming Li,Peking University,"China, Mainland",
Qi Su,Shanghai Jiao Tong University,"China, Mainland",
Hiroki Sayama,Binghamton University,USA,
Riccardo Gallotti,Fondazione Bruno Kessler,Italy,
Sitabhra Sinha,Institute of Mathematical Sciences Chennai,India,
Michele Starnini,Universitat Pompeu Fabra,Spain,
Dustin S. Stoltz,Lehigh University,USA,https://scholar.google.com/citations?user=UGrGfXcAAAAJ&hl=en
Marshall A. Taylor,New Mexico State University,USA,
Noah Askin,"University of California, Irvine",USA,
Ryan Cordell,University of Illinois Urbana-Champaign,USA,https://scholar.google.com/citations?user=wWgyGHwWMwMC&hl=en
Melanie Walsh,University of Washington,USA,
Maximilian Schich,Tallinn University,Estonia,
Andres Karjus,Tallinn University,Estonia,
Kristoffer L. Nielbo,Aarhus University,Denmark,https://scholar.google.com/citations?user=PRrHPIcAAAAJ&hl=en
Folgert Karsdorp,"Meertens Institute, Royal Netherlands Academy of Arts and Sciences",Netherlands,https://scholar.google.com/citations?user=EUFCxJEAAAAJ&hl=en
Simone Rebora,University of Verona,Italy,
Roel Smeets,Radboud University,Netherlands,
Alberto Acerbi,University of Trento,Italy,
Helena Miton,Stanford University,USA,
R. Maria del Rio-Chanona,University College London,UK,
Fabian Stephany,University of Oxford,UK,https://scholar.google.com/citations?user=guvrufQAAAAJ&hl=en
Vili Lehdonvirta,Aalto University,Finland,https://scholar.google.com/citations?user=PQFxBqcAAAAJ&hl=en
Omar A. Guerrero,University of Helsinki,Finland,
Flávio L. Pinheiro,Universidade Nova de Lisboa,Portugal,
Dominik Hartmann,Universidade Federal de Santa Catarina,Brazil,
Bogang Jun,Inha University,South Korea,
Giorgio Fagiolo,Sant'Anna School of Advanced Studies,Italy,https://scholar.google.com/citations?user=B7N-yQIAAAAJ&hl=en
Per Engzell,University College London,UK,https://scholar.google.com/citations?user=dM6v2S4AAAAJ&hl=en
Nathan Wilmers,Massachusetts Institute of Technology,USA,
Letian Zhang,Northwestern University,USA,
Anastassia Fedyk,"University of California, Berkeley",USA,
Sarah H. Bana,Chapman University,USA,
Theresa Kuchler,New York University,USA,
Manav Raj,University of Pennsylvania,USA,
Tessa E. S. Charlesworth,Northwestern University,USA,
Bocar A. Ba,Duke University,USA,
Nicholas P. Camp,University of Michigan,USA,
Rob Voigt,"University of California, Davis",USA,
Piotr Sapiezynski,Northeastern University,USA,https://scholar.google.com/citations?user=3UZwE6sAAAAJ&hl=en
Evan K. Rose,University of Chicago,USA,
René D. Flores,University of Chicago,USA,
Jacob William Faber,New York University,USA,
Marzyeh Ghassemi,Massachusetts Institute of Technology,USA,https://scholar.google.com/citations?user=9RyeFYwAAAAJ&hl=en
Ridhi Kashyap,University of Oxford,UK,
Patrick Kline,"University of California, Berkeley",USA,https://scholar.google.com/citations?user=nkVcS4MAAAAJ&hl=en
Maria De-Arteaga,"Escuela Superior de Administración y Dirección de Empresas, Ramon Llull University",Spain,
Niels van Berkel,Aalborg University,Denmark,
Katrien Verbert,Katholieke Universiteit Leuven,Belgium,
Nava Tintarev,Maastricht University,Netherlands,
Tim Miller,University of Queensland,Australia,
Simone Stumpf,University of Glasgow,UK,
Brian Y. Lim,National University of Singapore,Singapore,
Daniel Buschek,University of Bayreuth,Germany,
Sven Mayer,Technische Universität Dortmund,Germany,https://scholar.google.com/citations?user=EfZ7ZAsAAAAJ&hl=en
Koji Yatani,University of Tokyo,Japan,
Zhenhui Peng,Sun Yat-sen University,"China, Mainland",
Mina Lee,University of Chicago,USA,
Ting-Hao 'Kenneth' Huang,Pennsylvania State University,USA,
Lydia B. Chilton,Columbia University,USA,
Kenneth C. Arnold,Calvin University,USA,
Xiang 'Anthony' Chen,"University of California, Los Angeles",USA,
Sungsoo Ray Hong,George Mason University,USA,https://scholar.google.com/citations?user=D5bxMHYAAAAJ&hl=en
Hao-Chuan Wang,"University of California, Davis",USA,
Cristina Conati,University of British Columbia,Canada,https://scholar.google.com/citations?user=Ytp9oFQAAAAJ&hl=en
Denis Parra,Pontifical Catholic University of Chile,Chile,
Ilias Chalkidis,University of Copenhagen,Denmark,
Corinna Coupette,Aalto University,Finland,
Matthias Grabmair,Technical University of Munich,Germany,
Ryan Whalen,University of Hong Kong,"China, Hong Kong",
Wolfgang Alschner,University of Ottawa,Canada,
Rachael K. Hinkle,University at Buffalo,USA,
Hannes Westermann,Maastricht University,Netherlands,
Peter Henderson,Princeton University,USA,
Serena Villata,"Centre National de la Recherche Scientifique, Université Côte d'Azur",France,
Maya Sen,Harvard University,USA,https://scholar.google.com/citations?user=SXdm-MsAAAAJ&hl=en
Zubin Jelveh,University of Maryland,USA,
Maria P. Roche,Harvard University,USA,
Zoë B. Cullen,Harvard University,USA,
Karim R. Lakhani,Harvard University,USA,https://scholar.google.com/citations?user=4mNN000AAAAJ&hl=en
Jorge Guzman,Columbia University,USA,
Dan Wang,Columbia University,USA,
Henning Piezunka,University of Pennsylvania,USA,
Daniel A. Levinthal,University of Pennsylvania,USA,
Hyunjin Kim,INSEAD,France,
Phanish Puranam,INSEAD,Singapore,https://scholar.google.com/citations?user=T-5Hs8EAAAAJ&hl=en
Gianluca Carnabuci,European School of Management and Technology Berlin,Germany,
Oliver Baumann,University of Southern Denmark,Denmark,
Elisa Operti,École Supérieure des Sciences Économiques et Commerciales,France,
Özgecan Koçak,Emory University,USA,
Julien Clement,Stanford University,USA,
Sharique Hasan,Duke University,USA,
Milan Miric,University of Southern California,USA,
Francesco Pierri,Politecnico di Milano,Italy,
Nicola Righetti,University of Urbino Carlo Bo,Italy,
Fabio Giglietto,University of Urbino Carlo Bo,Italy,
Stefano Cresci,"Institute of Informatics and Telematics, National Research Council of Italy",Italy,https://scholar.google.com/citations?user=Jsd83JgAAAAJ&hl=en
Yelena Mejova,Institute for Scientific Interchange Foundation,Italy,https://scholar.google.com/citations?user=iXWFZMQAAAAJ&hl=en
Javier Borge-Holthoefer,Universitat Oberta de Catalunya,Spain,https://scholar.google.com/citations?user=XO9KxfAAAAAJ&hl=en
Arkaitz Zubiaga,Queen Mary University of London,UK,https://scholar.google.com/citations?user=IUb-xxMAAAAJ&hl=en
Tuğrulcan Elmas,University of Edinburgh,UK,
Alexander Nwala,College of William & Mary,USA,
Josephine Lukito,University of Southern Denmark,Denmark,
Yotam Ophir,University at Buffalo,USA,
Timothy Graham,Queensland University of Technology,Australia,
Marian-Andrei Rizoiu,University of Technology Sydney,Australia,
Fabrício Benevenuto,Universidade Federal de Minas Gerais,Brazil,https://scholar.google.com/citations?user=iOnt0iMAAAAJ&hl=en
Anatoliy Gruzd,Toronto Metropolitan University,Canada,
Mohsen Mosleh,University of Oxford,UK,https://scholar.google.com/citations?user=DAivUTUAAAAJ&hl=en
Preslav Nakov,Mohamed bin Zayed University of Artificial Intelligence,United Arab Emirates,https://scholar.google.com/citations?user=DfXsKZ4AAAAJ&hl=en
Dong Nguyen,Utrecht University,Netherlands,https://scholar.google.com/citations?user=iladopIAAAAJ&hl=en
Indira Sen,University of Mannheim,Germany,
Oren Tsur,Ben-Gurion University of the Negev,Israel,
Julia Mendelsohn,University of Maryland,USA,
Christopher Barrie,New York University,USA,
Stefan Müller,University College Dublin,Ireland,
Morteza Dehghani,University of Southern California,USA,https://scholar.google.com/citations?user=my6AUyAAAAAJ&hl=en
Tamar Mitts,Columbia University,USA,
Dror Walter,Georgia State University,USA,
Luca Maria Aiello,IT University of Copenhagen,Denmark,https://scholar.google.com/citations?user=FIX-7hcAAAAJ&hl=en
Anne C. Kroon,University of Amsterdam,Netherlands,
Martijn Schoonvelde,University of Groningen,Netherlands,
Stephen Hansen,University College London,UK,
Walid Magdy,University of Edinburgh,UK,
Matthew Gentzkow,Stanford University,USA,https://scholar.google.com/citations?user=krWxAA4AAAAJ&hl=en
Brian C. Keegan,University of Colorado Boulder,USA,https://scholar.google.com/citations?user=zkxrDS8AAAAJ&hl=en
Sneha Narayan,Carleton College,USA,https://scholar.google.com/citations?user=2q5akfwAAAAJ&hl=en
Nathan TeBlunthuis,University of Texas at Austin,USA,https://scholar.google.com/citations?user=GHoVBksAAAAJ&hl=en
Tiziano Piccardi,Johns Hopkins University,USA,https://scholar.google.com/citations?user=hj-gvXIAAAAJ&hl=en
Mattia Samory,Sapienza University of Rome,Italy,
Emiliano De Cristofaro,"University of California, Riverside",USA,https://scholar.google.com/citations?user=1wfzUuEAAAAJ&hl=en
Hanlin Li,University of Texas at Austin,USA,
Rosta Farzan,University of Pittsburgh,USA,
Marco Aurélio Gerosa,Northern Arizona University,USA,https://scholar.google.com/citations?user=kjtuhEQAAAAJ&hl=en
Alexander Serebrenik,Eindhoven University of Technology,Netherlands,https://scholar.google.com/citations?user=Mcn2e18AAAAJ&hl=en
Blake Miller,University of Pennsylvania,USA,
Jack Blumenau,University College London,UK,
Tiago Ventura,Georgetown University,USA,
Chad Hazlett,"University of California, Los Angeles",USA,
Shiro Kuriwaki,Yale University,USA,
Theresa Gessler,University of Hamburg,Germany,
Andreu Casas,"Royal Holloway, University of London",UK,
Ernesto Calvo,University of Maryland,USA,
Chris Hanretty,"Royal Holloway, University of London",UK,
Benjamin Lauderdale,University College London,UK,
Jacob M. Montgomery,Washington University in St. Louis,USA,
Tara Slough,New York University,USA,
Santiago Olivella,"University of North Carolina, Chapel Hill",USA,
Lucas Leemann,University of Zurich,Switzerland,
Sudeep Bhatia,University of Pennsylvania,USA,
Mohammad Atari,University of Massachusetts Amherst,USA,
H. Andrew Schwartz,Vanderbilt University,USA,
Paul E. Smaldino,"University of California, Merced",USA,https://scholar.google.com/citations?user=AwHfbP0AAAAJ&hl=en
Michael Muthukrishna,London School of Economics and Political Science,UK,
Tobias Gerstenberg,Stanford University,USA,
Robert D. Hawkins,Stanford University,USA,
Neil R. Bramley,University of Edinburgh,UK,
Clemens Stachl,University of St. Gallen,Switzerland,
Desmond C. Ong,University of Texas at Austin,USA,
David Stillwell,University of Cambridge,UK,https://scholar.google.com/citations?user=z9CoSJMAAAAJ&hl=en
Ori Plonsky,Technion - Israel Institute of Technology,Israel,
Charles Kemp,University of Melbourne,Australia,
Julian Jara-Ettinger,Yale University,USA,https://scholar.google.com/citations?user=lsiZ9CsAAAAJ&hl=en
Mark Steyvers,"University of California, Irvine",USA,
Todd M. Gureckis,New York University,USA,
Sacha Epskamp,National University of Singapore,Singapore,https://scholar.google.com/citations?user=fQpiw-sAAAAJ&hl=en
Lucas Molleman,University of Amsterdam,Netherlands,
Marco Ajelli,Indiana University Bloomington,USA,https://scholar.google.com/citations?user=igKX7EMAAAAJ&hl=en
Lauren Gardner,Johns Hopkins University,USA,https://scholar.google.com/citations?user=EO7XqlUAAAAJ&hl=en
B. Aditya Prakash,Georgia Institute of Technology,USA,https://scholar.google.com/citations?user=C-NftTgAAAAJ&hl=en
Anil Vullikanti,University of Virginia,USA,https://scholar.google.com/citations?user=MNJ-E9UAAAAJ&hl=en
Matteo Chinazzi,Northeastern University,USA,https://scholar.google.com/citations?user=d1URvWUAAAAJ&hl=en
Alain Barrat,"Centre de Physique Théorique, Aix-Marseille University and Centre National de la Recherche Scientifique",France,
Samuel M. Jenness,Emory University,USA,
Steven M. Goodreau,University of Washington,USA,
Peter Klimek,Medical University of Vienna,Austria,https://scholar.google.com/citations?user=ymEAWXAAAAAJ&hl=en
Alberto Aleta,University of Zaragoza,Spain,
Sharath Chandra Guntuku,University of Pennsylvania,USA,
Jingwen Zhang,"University of California, Davis",USA,
David A. Broniatowski,George Washington University,USA,https://scholar.google.com/citations?user=K8c3PvUAAAAJ&hl=en
Sebastian Funk,London School of Hygiene & Tropical Medicine,UK,https://scholar.google.com/citations?user=yOo8u2gAAAAJ&hl=en
Ellen Brooks-Pollock,University of Bristol,UK,
Daniela Paolotti,Institute for Scientific Interchange Foundation,Italy,
Vincent A. Traag,Leiden University,Netherlands,https://scholar.google.com/citations?user=Mwxxip0AAAAJ&hl=en
Nees Jan van Eck,Leiden University,Netherlands,
Jesper W. Schneider,Aarhus University,Denmark,
Mathias Wullum Nielsen,University of Copenhagen,Denmark,https://scholar.google.com/citations?user=XbdUGEsAAAAJ&hl=en
Jens Peter Andersen,Aarhus University,Denmark,
Nicolás Robinson-García,University of Granada,Spain,
Mike Thelwall,University of Sheffield,UK,https://scholar.google.com/citations?user=8jCKL1sAAAAJ&hl=en
Chiara Franzoni,Politecnico di Milano,Italy,
Daniele Rotolo,University of Sussex,UK,
Giacomo Livan,University of Pavia,Italy,
Zaida Chinchilla-Rodríguez,Spanish National Research Council,Spain,https://scholar.google.com/citations?user=eI_07rMAAAAJ&hl=en
Henry Sauermann,European School of Management and Technology Berlin,Germany,
Lin Zhang,Wuhan University,"China, Mainland",
Ying Huang,Wuhan University,"China, Mainland",https://scholar.google.com/citations?user=goz7XNsAAAAJ&hl=en
Xianwen Wang,Dalian University of Technology,"China, Mainland",
Chengzhi Zhang,Nanjing University of Science and Technology,"China, Mainland",
Fei Shu,Hangzhou Dianzi University,"China, Mainland",
Erjia Yan,Drexel University,USA,
Vetle I. Torvik,University of Illinois Urbana-Champaign,USA,https://scholar.google.com/citations?user=omG2Pg8AAAAJ&hl=en
Stefanie Haustein,University of Ottawa,Canada,https://scholar.google.com/citations?user=kWhLvE8AAAAJ&hl=en
Sebastian Stier,University of Mannheim,Germany,
Yannis Theocharis,Technical University of Munich,Germany,
Michael Scharkow,Johannes Gutenberg University Mainz,Germany,
Mario Haim,Ludwig Maximilian University of Munich,Germany,
Cornelius Puschmann,University of Bremen,Germany,
Valerie Hase,University of Klagenfurt,Austria,
Hajo Boomgaarden,University of Vienna,Austria,
Michael Bossetta,Lund University,Sweden,
Ana S. Cardenal,Universitat Oberta de Catalunya,Spain,https://scholar.google.com/citations?user=DMornf0AAAAJ&hl=en
Dan Hiaeshutter-Rice,Michigan State University,USA,
Yini Zhang,University at Buffalo,USA,
Jiyoun Suk,University of Connecticut,USA,
Brooke Foucault Welles,Northeastern University,USA,
Michael T. Heaney,University of Glasgow,UK,
Charles Butcher,Norwegian University of Science and Technology,Norway,
Rens Vliegenthart,Wageningen University & Research,Netherlands,
Thomas Zeitzoff,American University,USA,
Marco Bastos,University College Dublin,Ireland,
Marshini Chetty,University of Chicago,USA,
Zubair Shafiq,"University of California, Davis",USA,
Franziska Roesner,University of Washington,USA,https://scholar.google.com/citations?user=q5GIWC0AAAAJ&hl=en
Ravi Shroff,New York University,USA,https://scholar.google.com/citations?user=wM_GrKIAAAAJ&hl=en
Chirag Shah,University of Washington,USA,
Fosca Giannotti,"Scuola Normale Superiore, Pisa",Italy,https://scholar.google.com/citations?user=PKz_a_AAAAAJ&hl=en
Liang Zhao,Emory University,USA,https://scholar.google.com/citations?user=qnvyqtwAAAAJ&hl=en
Purnamrita Sarkar,University of Texas at Austin,USA,https://scholar.google.com/citations?user=KfT3_0AAAAAJ&hl=en
Tianxi Li,University of Minnesota,USA,
Christina Lee Yu,Cornell University,USA,
Amin Rahimian,University of Pittsburgh,USA,
Ana-Andreea Stoica,Max Planck Institute,Germany,
Charalampos E. Tsourakakis,University of Crete,Greece,
Evimaria Terzi,Boston University,USA,
Giulio Rossetti,"Institute of Information Science and Technologies, National Research Council of Italy",Italy,
Jia Wu,Macquarie University,Australia,
Marcin Waniek,University of Warsaw,Poland,
Tuuli Toivonen,University of Helsinki,Finland,https://scholar.google.com/citations?user=LC2RTmgAAAAJ&hl=en
Ronaldo Menezes,University of Exeter,UK,
Luca Pappalardo,"Institute of Information Science and Technologies, National Research Council of Italy",Italy,
José J. Ramasco,Institute for Cross-Disciplinary Physics and Complex Systems,Spain,
Francisco Rowe,University of Liverpool,UK,
Grant McKenzie,McGill University,Canada,https://scholar.google.com/citations?user=G5UUTgYAAAAJ&hl=en
Nihar B. Shah,Carnegie Mellon University,USA,
Steven Dow,"University of California, San Diego",USA,
Frank Takes,Leiden University,Netherlands,
Eelke Heemskerk,University of Amsterdam,Netherlands,
Fariba Karimi,Graz University of Technology,Austria,https://scholar.google.com/citations?user=A11uSbcAAAAJ&hl=en
Jean-Philippe Cointet,Sciences Po,France,
Rense Corten,Utrecht University,Netherlands,
Rémy Cazabet,Université Claude Bernard Lyon 1,France,
Talayeh Aledavood,Aalto University,Finland,https://scholar.google.com/citations?user=Ii2WBpIAAAAJ&hl=en
Clemens Kroneberg,University of Cologne,Germany,
Filip Agneessens,University of Manchester,UK,
jimi adams,University of South Carolina,USA,
Tyler H. McCormick,University of Washington,USA,
Diego F. Leal,University of Arizona,USA,
Eduardo López,George Mason University,USA,https://scholar.google.com/citations?user=xwdJNuMAAAAJ&hl=en
Jonathan R. Stewart,Florida State University,USA,
Naoki Masuda,University of Michigan,USA,
Lewis Mitchell,University of Adelaide,Australia,
Emily Erikson,Yale University,USA,
Maria Antoniak,University of Colorado Boulder,USA,
Karina van Dalen-Oskam,"Huygens Institute, Royal Netherlands Academy of Arts and Sciences",Netherlands,
Fotis Jannidis,University of Würzburg,Germany,
Barbara McGillivray,King's College London,United Kingdom,
Jan Rybicki,Jagiellonian University in Kraków,Poland,
J. Berenike Herrmann,Bielefeld University,Germany,
Artjoms Šeļa,"Institute of Czech Literature, Czech Academy of Sciences",Czech Republic,
Yuri Bizzoni,Aarhus University,Denmark,
Alex Mesoudi,University of Exeter,United Kingdom,
Anne Kandler,Max Planck Institute,Germany,
Enrico Crema,University of Cambridge,United Kingdom,https://scholar.google.com/citations?user=kcrZAd0AAAAJ&hl=en
Simon Greenhill,University of Auckland,New Zealand,https://scholar.google.com/citations?user=-BRSA7UAAAAJ&hl=en
Olivier Morin,"Institut Jean Nicod, Centre National de la Recherche Scientifique / École Normale Supérieure - Paris Sciences et Lettres",France,
Thomas Morgan,Arizona State University,USA,
Edith Law,University of Waterloo,Canada,https://scholar.google.com/citations?user=OOssnq8AAAAJ&hl=en
Peter Brusilovsky,University of Pittsburgh,USA,https://scholar.google.com/citations?user=s6RpNfAAAAAJ&hl=en
Alexander Oettl,Emory University,USA,
Florenta Teodoridis,University of Southern California,USA,
Jason Sandvik,University of Arizona,USA,
Ingrid Haegele,Ludwig Maximilian University of Munich,Germany,
Eric-Jan Wagenmakers,University of Amsterdam,Netherlands,https://scholar.google.com/citations?user=L_HG640AAAAJ&hl=en
Denny Borsboom,University of Amsterdam,Netherlands,https://scholar.google.com/citations?user=oaT6bCUAAAAJ&hl=en
Drew Margolin,Cornell University,USA,
Jakob Ohme,Weizenbaum Institute for the Networked Society,Germany,https://scholar.google.com/citations?user=u0myJB4AAAAJ&hl=en
Yuan Lai,Tsinghua University,"China, Mainland",
Yanyan Xu,Shanghai Jiao Tong University,"China, Mainland",https://scholar.google.com/citations?user=4A8N4PMAAAAJ&hl=en
Wataru Toyokawa,RIKEN Center for Brain Science,Japan,
Marco Janssen,Arizona State University,USA,
David R. Schaefer,"University of California, Irvine",USA,
Lars Leszczensky,Goethe University Frankfurt,Germany,
Robert Seamans,New York University,USA,https://scholar.google.com/citations?user=UxdRPL8AAAAJ&hl=en
Steven Tadelis,"University of California, Berkeley",USA,
Ted Mouw,"University of North Carolina, Chapel Hill",USA,
Thijs Bol,University of Amsterdam,Netherlands,
Guido Caldarelli,Ca' Foscari University of Venice,Italy,
Anna Salomons,Utrecht University,Netherlands,
Sabrina Genz,Utrecht University,Netherlands,
Charles Crabtree,Monash University,Australia,
Gian Maria Campedelli,University of Trento,Italy,
Peter Grajzl,Washington and Lee University,USA,
Giovanni Da San Martino,University of Padova,Italy,
Kalina Bontcheva,University of Sheffield,UK,
Ponnurangam Kumaraguru,"International Institute of Information Technology, Hyderabad",India,
Tanmoy Chakraborty,Indian Institute of Technology Delhi,India,
Reza Zafarani,Syracuse University,USA,
Jürgen Pfeffer,Technical University of Munich,Germany,
Kaiping Chen,"University of Wisconsin, Madison",USA,
Eni Mustafaraj,Wellesley College,USA,
Luca Rossi,IT University of Copenhagen,Denmark,
Renée DiResta,Georgetown University,USA,
Emily Öhman,Waseda University,Japan,
Björn Ross,University of Edinburgh,UK,
Jack Grieve,University of Birmingham,UK,
James Howison,University of Texas at Austin,USA,
Sean P. Goggins,University of Missouri,USA,
Sarah Shugars,Rutgers University,USA,
Rishab Nithyanand,University of Iowa,USA,
Shirin Nilizadeh,University of Texas at Arlington,USA,
Kyungsik Han,Hanyang University,South Korea,
Jinyoung Han,Sungkyunkwan University,South Korea,
Adrian Rauchfleisch,National Taiwan University,"China, Taiwan",
Natalia Vélez,Princeton University,USA,
Eric Schulz,Technical University of Munich,Germany,
Pantelis P. Analytis,University of Southern Denmark,Denmark,
Ramona Schoedel,Charlotte Fresenius Hochschule,Germany,
Falk Lieder,"University of California, Los Angeles",USA,
Andrew Perfors,University of Melbourne,Australia,
Tatsuya Kameda,Meiji Gakuin University,Japan,
Nic Geard,University of Melbourne,Australia,
Zhanwei Du,Southern University of Science and Technology,"China, Mainland",
Yulin Hswen,University of Maryland,USA,
Shengjie Lai,University of Southampton,UK,
Mikhail Prokopenko,University of Sydney,Australia,
Marynia Kolak,University of Illinois Urbana-Champaign,USA,
Adrian Barnett,Queensland University of Technology,Australia,
Jian Du,Peking University,"China, Mainland",
Stefano Bianchini,Université de Strasbourg,France,
Michele Pezzoni,Université Côte d'Azur,France,
Fabiana Visentin,Maastricht University,Netherlands,
Jinseok Kim,University of Michigan,USA,
Yi Zhang,University of Technology Sydney,Australia,
Camilo Cristancho,Universitat de Barcelona,Spain,
Raquel Recuero,Universidade Federal de Pelotas,Brazil,
Jasmine Wu,University of Texas at Austin,USA,https://jasminewu.me/home.html,
Ashwin Rajadesingan,University of Texas at Austin,USA,https://ashwinrajadesingan.com,
Shengchun Huang,University of Texas at Austin,USA,https://sites.google.com/view/shengchunhuang/home,
Mengjie Cheng,University of Texas at Austin,USA,https://www.magiecheng.com,
